disperser,population,treatment.recode,treatment,dispersal,seed,germ,weight
P__lilfordi,Cabrera,control,control,0,A1,0,0.042
P__lilfordi,Cabrera,control,control,0,A2,0,0.222
P__lilfordi,Cabrera,control,control,0,A3,0,0.022
P__lilfordi,Cabrera,control,control,0,A4,0,0.0289
P__lilfordi,Cabrera,control,control,0,A5,0,0.0277
P__lilfordi,Cabrera,control,control,0,A6,1,0.0261
P__lilfordi,Cabrera,control,control,0,A7,0,0.0362
P__lilfordi,Cabrera,control,control,0,A8,1,0.0265
P__lilfordi,Cabrera,control,control,0,A9,0,0.0323
P__lilfordi,Cabrera,control,control,0,A10,1,0.0301
P__lilfordi,Cabrera,control,control,0,B1,1,0.0402
P__lilfordi,Cabrera,control,control,0,B2,0,0.0257
P__lilfordi,Cabrera,control,control,0,B3,0,0.0337
P__lilfordi,Cabrera,control,control,0,B4,1,0.042
P__lilfordi,Cabrera,control,control,0,B5,0,0.0321
P__lilfordi,Cabrera,control,control,0,B6,0,0.0582
P__lilfordi,Cabrera,control,control,0,B7,0,0.061
P__lilfordi,Cabrera,control,control,0,B8,0,0.0729
P__lilfordi,Cabrera,control,control,0,B9,0,0.0518
P__lilfordi,Cabrera,control,control,0,B10,0,0.0708
P__lilfordi,Cabrera,control,control,0,C1,0,0.0212
P__lilfordi,Cabrera,control,control,0,C2,0,0.0189
P__lilfordi,Cabrera,control,control,0,C3,0,0.0265
P__lilfordi,Cabrera,control,control,0,C4,0,0.0294
P__lilfordi,Cabrera,control,control,0,C5,0,0.0155
P__lilfordi,Cabrera,control,control,0,C6,0,0.0184
P__lilfordi,Cabrera,control,control,0,C7,0,0.0306
P__lilfordi,Cabrera,control,control,0,C8,0,0.0418
P__lilfordi,Cabrera,control,control,0,C9,1,0.0289
P__lilfordi,Cabrera,control,control,0,C10,0,0.0407
P__lilfordi,Cabrera,control,control,0,D1,1,0.0334
P__lilfordi,Cabrera,control,control,0,D2,0,0.0282
P__lilfordi,Cabrera,control,control,0,D3,1,0.0335
P__lilfordi,Cabrera,control,control,0,D4,0,0.0304
P__lilfordi,Cabrera,control,control,0,D5,1,0.0364
P__lilfordi,Cabrera,control,control,0,D6,0,0.0208
P__lilfordi,Cabrera,control,control,0,D7,0,0.0207
P__lilfordi,Cabrera,control,control,0,D8,0,0.0297
P__lilfordi,Cabrera,control,control,0,D9,0,0.0288
P__lilfordi,Cabrera,control,control,0,D10,0,0.0184
P__lilfordi,Cabrera,control,control,0,E1,0,0.0371
P__lilfordi,Cabrera,control,control,0,E2,1,0.0362
P__lilfordi,Cabrera,control,control,0,E3,1,0.035
P__lilfordi,Cabrera,control,control,0,E4,1,0.0331
P__lilfordi,Cabrera,control,control,0,E5,0,0.027
P__lilfordi,Cabrera,control,control,0,E6,0,0.032
P__lilfordi,Cabrera,control,control,0,E7,0,0.0354
P__lilfordi,Cabrera,control,control,0,E8,0,0.0319
P__lilfordi,Cabrera,control,control,0,E9,0,0.024
P__lilfordi,Cabrera,P__lilfordi,dispersed,1,1,1,0.0763
P__lilfordi,Cabrera,P__lilfordi,dispersed,1,2,0,0.0569
P__lilfordi,Cabrera,P__lilfordi,dispersed,1,3,0,0.0604
P__lilfordi,Cabrera,P__lilfordi,dispersed,1,4,1,0.0681
P__lilfordi,Cabrera,P__lilfordi,dispersed,1,5,1,0.0353
P__lilfordi,Cabrera,P__lilfordi,dispersed,1,6,0,0.0524
P__lilfordi,Cabrera,P__lilfordi,dispersed,1,7,1,0.0428
P__lilfordi,Cabrera,P__lilfordi,dispersed,1,8,0,0.0446
P__lilfordi,Cabrera,P__lilfordi,dispersed,1,9,0,0.0632
P__lilfordi,Cabrera,P__lilfordi,dispersed,1,10,0,0.0602
P__lilfordi,Cabrera,P__lilfordi,dispersed,1,11,0,0.0535
P__lilfordi,Cabrera,P__lilfordi,dispersed,1,12,0,0.0381
P__lilfordi,Cabrera,P__lilfordi,dispersed,1,13,0,0.0554
P__lilfordi,Cabrera,P__lilfordi,dispersed,1,14,0,0.058
P__lilfordi,Cabrera,P__lilfordi,dispersed,1,15,0,0.0549
P__lilfordi,Cabrera,P__lilfordi,dispersed,1,16,1,0.0516
P__lilfordi,Cabrera,P__lilfordi,dispersed,1,17,0,0.0653
P__lilfordi,Cabrera,P__lilfordi,dispersed,1,18,0,0.0441
P__lilfordi,Cabrera,P__lilfordi,dispersed,1,19,0,0.0476
P__lilfordi,Cabrera,P__lilfordi,dispersed,1,20,1,0.0384
P__lilfordi,Cabrera,P__lilfordi,dispersed,1,21,1,0.0536
P__lilfordi,Cabrera,P__lilfordi,dispersed,1,22,0,0.0432
P__lilfordi,Cabrera,P__lilfordi,dispersed,1,23,0,0.0579
P__lilfordi,Cabrera,P__lilfordi,dispersed,1,24,1,0.065
P__lilfordi,Cabrera,P__lilfordi,dispersed,1,25,0,0.0742
P__lilfordi,Cabrera,P__lilfordi,dispersed,1,26,0,0.0765
P__lilfordi,Cabrera,P__lilfordi,dispersed,1,27,0,0.031
P__lilfordi,Cabrera,P__lilfordi,dispersed,1,28,0,0.0465
P__lilfordi,Cabrera,P__lilfordi,dispersed,1,29,0,0.0324
P__lilfordi,Cabrera,P__lilfordi,dispersed,1,30,0,0.07
P__lilfordi,Cabrera,P__lilfordi,dispersed,1,31,0,0.0581
P__lilfordi,Cabrera,P__lilfordi,dispersed,1,32,1,0.0468
P__lilfordi,Cabrera,P__lilfordi,dispersed,1,33,0,0.0551
P__lilfordi,Cabrera,P__lilfordi,dispersed,1,34,1,0.0785
P__lilfordi,Cabrera,P__lilfordi,dispersed,1,35,0,0.0463
P__lilfordi,Cabrera,P__lilfordi,dispersed,1,36,1,0.0703
P__lilfordi,Cabrera,P__lilfordi,dispersed,1,37,1,0.0794
P__lilfordi,Cabrera,P__lilfordi,dispersed,1,38,0,0.0433
P__lilfordi,Cabrera,P__lilfordi,dispersed,1,39,0,0.0714
P__lilfordi,Cabrera,P__lilfordi,dispersed,1,40,0,0.0621
P__lilfordi,Cabrera,P__lilfordi,dispersed,1,41,1,0.0695
P__lilfordi,Cabrera,P__lilfordi,dispersed,1,42,1,0.06
P__lilfordi,Cabrera,P__lilfordi,dispersed,1,43,1,0.0495
P__lilfordi,Cabrera,P__lilfordi,dispersed,1,44,0,0.0477
P__lilfordi,Cabrera,P__lilfordi,dispersed,1,45,1,0.0853
P__lilfordi,Cabrera,P__lilfordi,dispersed,1,46,1,0.0621
P__lilfordi,Cabrera,P__lilfordi,dispersed,1,47,0,0.057
P__lilfordi,Cabrera,P__lilfordi,dispersed,1,48,0,0.0412
P__lilfordi,Cabrera,P__lilfordi,dispersed,1,49,0,0.0703
P__lilfordi,Cabrera,P__lilfordi,dispersed,1,50,0,0.0546
P__pityusensis,Cap_Barbaria,control,control,0,E10,1,0.0351
P__pityusensis,Cap_Barbaria,control,control,0,A1,0,0.032
P__pityusensis,Cap_Barbaria,control,control,0,A2,0,0.0443
P__pityusensis,Cap_Barbaria,control,control,0,A3,0,0.0394
P__pityusensis,Cap_Barbaria,control,control,0,A4,0,0.042
P__pityusensis,Cap_Barbaria,control,control,0,A5,0,0.0374
P__pityusensis,Cap_Barbaria,control,control,0,A6,0,0.0492
P__pityusensis,Cap_Barbaria,control,control,0,A7,0,0.0285
P__pityusensis,Cap_Barbaria,control,control,0,A8,0,0.0535
P__pityusensis,Cap_Barbaria,control,control,0,A9,0,0.0568
P__pityusensis,Cap_Barbaria,control,control,0,A10,0,0.0387
P__pityusensis,Cap_Barbaria,control,control,0,B1,0,0.0379
P__pityusensis,Cap_Barbaria,control,control,0,B2,0,0.0374
P__pityusensis,Cap_Barbaria,control,control,0,B3,0,0.0325
P__pityusensis,Cap_Barbaria,control,control,0,B4,0,0.0372
P__pityusensis,Cap_Barbaria,control,control,0,B5,0,0.0339
P__pityusensis,Cap_Barbaria,control,control,0,B6,0,0.0228
P__pityusensis,Cap_Barbaria,control,control,0,B7,0,0.0364
P__pityusensis,Cap_Barbaria,control,control,0,B8,0,0.0264
P__pityusensis,Cap_Barbaria,control,control,0,B9,0,0.0299
P__pityusensis,Cap_Barbaria,control,control,0,B10,0,0.0296
P__pityusensis,Cap_Barbaria,control,control,0,C1,0,0.0428
P__pityusensis,Cap_Barbaria,control,control,0,C2,0,0.0454
P__pityusensis,Cap_Barbaria,control,control,0,C3,0,0.0457
P__pityusensis,Cap_Barbaria,control,control,0,C4,0,0.0228
P__pityusensis,Cap_Barbaria,control,control,0,C5,0,0.0229
P__pityusensis,Cap_Barbaria,control,control,0,C6,0,0.0439
P__pityusensis,Cap_Barbaria,control,control,0,C7,0,0.0417
P__pityusensis,Cap_Barbaria,control,control,0,C8,0,0.0403
P__pityusensis,Cap_Barbaria,control,control,0,C9,0,0.0188
P__pityusensis,Cap_Barbaria,control,control,0,C10,0,0.0361
P__pityusensis,Cap_Barbaria,control,control,0,D1,0,0.0294
P__pityusensis,Cap_Barbaria,control,control,0,D2,0,0.0423
P__pityusensis,Cap_Barbaria,control,control,0,D3,0,0.0302
P__pityusensis,Cap_Barbaria,control,control,0,D4,1,0.0339
P__pityusensis,Cap_Barbaria,control,control,0,D5,0,0.0352
P__pityusensis,Cap_Barbaria,control,control,0,D6,0,0.0329
P__pityusensis,Cap_Barbaria,control,control,0,D7,0,0.0373
P__pityusensis,Cap_Barbaria,control,control,0,D8,0,0.0376
P__pityusensis,Cap_Barbaria,control,control,0,D9,1,0.0219
P__pityusensis,Cap_Barbaria,control,control,0,D10,0,0.0312
P__pityusensis,Cap_Barbaria,control,control,0,E1,0,0.0438
P__pityusensis,Cap_Barbaria,control,control,0,E2,0,0.0486
P__pityusensis,Cap_Barbaria,control,control,0,E3,0,0.0632
P__pityusensis,Cap_Barbaria,control,control,0,E4,0,0.0428
P__pityusensis,Cap_Barbaria,control,control,0,E5,0,0.0459
P__pityusensis,Cap_Barbaria,control,control,0,E6,0,0.0521
P__pityusensis,Cap_Barbaria,control,control,0,E7,0,0.0396
P__pityusensis,Cap_Barbaria,control,control,0,E8,0,0.039
P__pityusensis,Cap_Barbaria,control,control,0,E9,1,0.045
P__pityusensis,Cap_Barbaria,control,control,0,E10,0,0.0327
P__pityusensis,Cap_Barbaria,P__pityusensis,dispersed,1,1,0,0.04777
P__pityusensis,Cap_Barbaria,P__pityusensis,dispersed,1,2,1,0.0531
P__pityusensis,Cap_Barbaria,P__pityusensis,dispersed,1,3,0,0.0525
P__pityusensis,Cap_Barbaria,P__pityusensis,dispersed,1,4,1,0.0347
P__pityusensis,Cap_Barbaria,P__pityusensis,dispersed,1,5,0,0.0332
P__pityusensis,Cap_Barbaria,P__pityusensis,dispersed,1,6,1,0.0371
P__pityusensis,Cap_Barbaria,P__pityusensis,dispersed,1,7,0,0.0221
P__pityusensis,Cap_Barbaria,P__pityusensis,dispersed,1,8,1,0.034
P__pityusensis,Cap_Barbaria,P__pityusensis,dispersed,1,9,1,0.0295
P__pityusensis,Cap_Barbaria,P__pityusensis,dispersed,1,10,1,0.0328
P__pityusensis,Cap_Barbaria,P__pityusensis,dispersed,1,11,0,0.0398
P__pityusensis,Cap_Barbaria,P__pityusensis,dispersed,1,12,0,0.0508
P__pityusensis,Cap_Barbaria,P__pityusensis,dispersed,1,13,0,0.0394
P__pityusensis,Cap_Barbaria,P__pityusensis,dispersed,1,14,1,0.0426
P__pityusensis,Cap_Barbaria,P__pityusensis,dispersed,1,15,1,0.0571
P__pityusensis,Cap_Barbaria,P__pityusensis,dispersed,1,16,1,0.0456
P__pityusensis,Cap_Barbaria,P__pityusensis,dispersed,1,17,0,0.0617
P__pityusensis,Cap_Barbaria,P__pityusensis,dispersed,1,18,1,0.0484
P__pityusensis,Cap_Barbaria,P__pityusensis,dispersed,1,19,0,0.0357
P__pityusensis,Cap_Barbaria,P__pityusensis,dispersed,1,20,0,0.0301
P__pityusensis,Cap_Barbaria,P__pityusensis,dispersed,1,21,0,0.0442
P__pityusensis,Cap_Barbaria,P__pityusensis,dispersed,1,22,0,0.0345
P__pityusensis,Cap_Barbaria,P__pityusensis,dispersed,1,23,1,0.0348
P__pityusensis,Cap_Barbaria,P__pityusensis,dispersed,1,24,0,0.027
P__pityusensis,Cap_Barbaria,P__pityusensis,dispersed,1,25,0,0.0283
P__pityusensis,Cap_Barbaria,P__pityusensis,dispersed,1,26,0,0.0381
P__pityusensis,Cap_Barbaria,P__pityusensis,dispersed,1,27,1,0.0308
P__pityusensis,Cap_Barbaria,P__pityusensis,dispersed,1,28,0,0.047
P__pityusensis,Cap_Barbaria,P__pityusensis,dispersed,1,29,1,0.0235
P__pityusensis,Cap_Barbaria,P__pityusensis,dispersed,1,30,1,0.0303
P__pityusensis,Cap_Barbaria,P__pityusensis,dispersed,1,31,0,0.0491
P__pityusensis,Cap_Barbaria,P__pityusensis,dispersed,1,32,1,0.0338
P__pityusensis,Cap_Barbaria,P__pityusensis,dispersed,1,33,1,0.0256
P__pityusensis,Cap_Barbaria,P__pityusensis,dispersed,1,34,0,0.0328
P__pityusensis,Cap_Barbaria,P__pityusensis,dispersed,1,35,0,0.0314
P__pityusensis,Cap_Barbaria,P__pityusensis,dispersed,1,36,0,0.0244
P__pityusensis,Cap_Barbaria,P__pityusensis,dispersed,1,37,0,0.0221
P__pityusensis,Cap_Barbaria,P__pityusensis,dispersed,1,38,0,0.0348
P__pityusensis,Cap_Barbaria,P__pityusensis,dispersed,1,39,0,0.0314
P__pityusensis,Cap_Barbaria,P__pityusensis,dispersed,1,40,1,0.043
P__pityusensis,Cap_Barbaria,P__pityusensis,dispersed,1,41,0,0.0536
P__pityusensis,Cap_Barbaria,P__pityusensis,dispersed,1,42,1,0.044
P__pityusensis,Cap_Barbaria,P__pityusensis,dispersed,1,43,0,0.0377
P__pityusensis,Cap_Barbaria,P__pityusensis,dispersed,1,44,0,0.0423
P__pityusensis,Cap_Barbaria,P__pityusensis,dispersed,1,45,0,0.0313
P__pityusensis,Cap_Barbaria,P__pityusensis,dispersed,1,46,1,0.0366
P__pityusensis,Cap_Barbaria,P__pityusensis,dispersed,1,47,1,0.0433
P__pityusensis,Cap_Barbaria,P__pityusensis,dispersed,1,48,0,0.0342
P__pityusensis,Cap_Barbaria,P__pityusensis,dispersed,1,49,0,0.0393
P__pityusensis,Cap_Barbaria,P__pityusensis,dispersed,1,50,0,0.0394
P__lilfordi,Conillera_Cabrera,control,control,0,A1,0,0.0793
P__lilfordi,Conillera_Cabrera,control,control,0,A2,1,0.0509
P__lilfordi,Conillera_Cabrera,control,control,0,A3,1,0.0874
P__lilfordi,Conillera_Cabrera,control,control,0,A4,0,0.0448
P__lilfordi,Conillera_Cabrera,control,control,0,A5,1,0.0462
P__lilfordi,Conillera_Cabrera,control,control,0,A6,0,0.0649
P__lilfordi,Conillera_Cabrera,control,control,0,A7,0,0.0594
P__lilfordi,Conillera_Cabrera,control,control,0,A8,0,0.0489
P__lilfordi,Conillera_Cabrera,control,control,0,A9,0,0.0469
P__lilfordi,Conillera_Cabrera,control,control,0,A10,1,0.0382
P__lilfordi,Conillera_Cabrera,control,control,0,B1,0,0.0493
P__lilfordi,Conillera_Cabrera,control,control,0,B2,0,0.0434
P__lilfordi,Conillera_Cabrera,control,control,0,B3,1,0.0575
P__lilfordi,Conillera_Cabrera,control,control,0,B4,0,0.0452
P__lilfordi,Conillera_Cabrera,control,control,0,B5,1,0.0451
P__lilfordi,Conillera_Cabrera,control,control,0,B6,1,0.0445
P__lilfordi,Conillera_Cabrera,control,control,0,B7,1,0.0468
P__lilfordi,Conillera_Cabrera,control,control,0,B8,1,0.0442
P__lilfordi,Conillera_Cabrera,control,control,0,B9,1,0.0417
P__lilfordi,Conillera_Cabrera,control,control,0,B10,1,0.0459
P__lilfordi,Conillera_Cabrera,control,control,0,C1,0,0.0709
P__lilfordi,Conillera_Cabrera,control,control,0,C2,0,0.0218
P__lilfordi,Conillera_Cabrera,control,control,0,C3,0,0.028
P__lilfordi,Conillera_Cabrera,control,control,0,C4,0,0.0748
P__lilfordi,Conillera_Cabrera,control,control,0,C5,1,0.042
P__lilfordi,Conillera_Cabrera,control,control,0,C6,0,0.0514
P__lilfordi,Conillera_Cabrera,control,control,0,C7,0,0.0436
P__lilfordi,Conillera_Cabrera,control,control,0,C8,0,0.0438
P__lilfordi,Conillera_Cabrera,control,control,0,C9,0,0.0372
P__lilfordi,Conillera_Cabrera,control,control,0,C10,0,0.0298
P__lilfordi,Conillera_Cabrera,control,control,0,D1,0,0.0651
P__lilfordi,Conillera_Cabrera,control,control,0,D2,0,0.0463
P__lilfordi,Conillera_Cabrera,control,control,0,D3,0,0.0513
P__lilfordi,Conillera_Cabrera,control,control,0,D4,0,0.0562
P__lilfordi,Conillera_Cabrera,control,control,0,D5,0,0.056
P__lilfordi,Conillera_Cabrera,control,control,0,D6,0,0.0364
P__lilfordi,Conillera_Cabrera,control,control,0,D7,0,0.0474
P__lilfordi,Conillera_Cabrera,control,control,0,D8,0,0.0489
P__lilfordi,Conillera_Cabrera,control,control,0,D9,0,0.0514
P__lilfordi,Conillera_Cabrera,control,control,0,D10,1,0.0488
P__lilfordi,Conillera_Cabrera,P__lilfordi,dispersed,1,1,1,0.0547
P__lilfordi,Conillera_Cabrera,P__lilfordi,dispersed,1,2,1,0.0591
P__lilfordi,Conillera_Cabrera,P__lilfordi,dispersed,1,3,0,0.0458
P__lilfordi,Conillera_Cabrera,P__lilfordi,dispersed,1,4,0,0.0513
P__lilfordi,Conillera_Cabrera,P__lilfordi,dispersed,1,5,0,0.0639
P__lilfordi,Conillera_Cabrera,P__lilfordi,dispersed,1,6,1,0.0473
P__lilfordi,Conillera_Cabrera,P__lilfordi,dispersed,1,7,0,0.0478
P__lilfordi,Conillera_Cabrera,P__lilfordi,dispersed,1,8,0,0.0696
P__lilfordi,Conillera_Cabrera,P__lilfordi,dispersed,1,9,1,0.068
P__lilfordi,Conillera_Cabrera,P__lilfordi,dispersed,1,10,1,0.0451
P__lilfordi,Conillera_Cabrera,P__lilfordi,dispersed,1,11,0,0.0694
P__lilfordi,Conillera_Cabrera,P__lilfordi,dispersed,1,12,1,0.0721
P__lilfordi,Conillera_Cabrera,P__lilfordi,dispersed,1,13,0,0.0654
P__lilfordi,Conillera_Cabrera,P__lilfordi,dispersed,1,14,0,0.0594
P__lilfordi,Conillera_Cabrera,P__lilfordi,dispersed,1,15,0,0.0297
P__lilfordi,Conillera_Cabrera,P__lilfordi,dispersed,1,16,1,0.0472
P__lilfordi,Conillera_Cabrera,P__lilfordi,dispersed,1,17,0,0.0613
P__lilfordi,Conillera_Cabrera,P__lilfordi,dispersed,1,18,0,0.0445
P__lilfordi,Conillera_Cabrera,P__lilfordi,dispersed,1,19,0,0.0568
P__lilfordi,Conillera_Cabrera,P__lilfordi,dispersed,1,20,0,0.0458
P__lilfordi,Conillera_Cabrera,P__lilfordi,dispersed,1,21,1,0.0352
P__lilfordi,Conillera_Cabrera,P__lilfordi,dispersed,1,22,1,0.0309
P__lilfordi,Conillera_Cabrera,P__lilfordi,dispersed,1,23,0,0.0298
P__lilfordi,Conillera_Cabrera,P__lilfordi,dispersed,1,24,0,0.0528
P__lilfordi,Conillera_Cabrera,P__lilfordi,dispersed,1,25,0,0.0708
P__lilfordi,Conillera_Cabrera,P__lilfordi,dispersed,1,26,1,0.0589
P__lilfordi,Conillera_Cabrera,P__lilfordi,dispersed,1,27,0,0.0406
P__lilfordi,Conillera_Cabrera,P__lilfordi,dispersed,1,28,1,0.0531
P__lilfordi,Conillera_Cabrera,P__lilfordi,dispersed,1,29,0,0.0584
P__lilfordi,Conillera_Cabrera,P__lilfordi,dispersed,1,30,0,0.0465
P__lilfordi,Conillera_Cabrera,P__lilfordi,dispersed,1,31,1,0.032
P__lilfordi,Conillera_Cabrera,P__lilfordi,dispersed,1,32,0,0.0452
P__lilfordi,Conillera_Cabrera,P__lilfordi,dispersed,1,33,0,0.0282
P__lilfordi,Conillera_Cabrera,P__lilfordi,dispersed,1,34,0,0.0273
P__pityusensis,Conillera_Eivissa,control,control,0,A1,0,0.0703
P__pityusensis,Conillera_Eivissa,control,control,0,A2,1,0.0612
P__pityusensis,Conillera_Eivissa,control,control,0,A3,1,0.0585
P__pityusensis,Conillera_Eivissa,control,control,0,A4,0,0.0606
P__pityusensis,Conillera_Eivissa,control,control,0,A5,0,0.0577
P__pityusensis,Conillera_Eivissa,control,control,0,A6,0,0.0605
P__pityusensis,Conillera_Eivissa,control,control,0,A7,0,0.0647
P__pityusensis,Conillera_Eivissa,control,control,0,A8,1,0.0639
P__pityusensis,Conillera_Eivissa,control,control,0,A9,0,0.0637
P__pityusensis,Conillera_Eivissa,control,control,0,A10,1,0.0636
P__pityusensis,Conillera_Eivissa,control,control,0,B1,1,0.0616
P__pityusensis,Conillera_Eivissa,control,control,0,B2,0,0.0651
P__pityusensis,Conillera_Eivissa,control,control,0,B3,1,0.0537
P__pityusensis,Conillera_Eivissa,control,control,0,B4,0,0.0531
P__pityusensis,Conillera_Eivissa,control,control,0,B5,0,0.0424
P__pityusensis,Conillera_Eivissa,control,control,0,B6,0,0.0499
P__pityusensis,Conillera_Eivissa,control,control,0,B7,0,0.0523
P__pityusensis,Conillera_Eivissa,control,control,0,B8,0,0.0638
P__pityusensis,Conillera_Eivissa,control,control,0,B9,0,0.0522
P__pityusensis,Conillera_Eivissa,control,control,0,B10,0,0.0545
P__pityusensis,Conillera_Eivissa,control,control,0,C1,1,0.0626
P__pityusensis,Conillera_Eivissa,control,control,0,C2,1,0.0631
P__pityusensis,Conillera_Eivissa,control,control,0,C3,1,0.0613
P__pityusensis,Conillera_Eivissa,control,control,0,C4,1,0.0586
P__pityusensis,Conillera_Eivissa,control,control,0,C5,1,0.0658
P__pityusensis,Conillera_Eivissa,control,control,0,C6,1,0.0633
P__pityusensis,Conillera_Eivissa,control,control,0,C7,1,0.0604
P__pityusensis,Conillera_Eivissa,control,control,0,C8,0,0.0597
P__pityusensis,Conillera_Eivissa,control,control,0,C9,0,0.0528
P__pityusensis,Conillera_Eivissa,control,control,0,C10,1,0.0408
P__pityusensis,Conillera_Eivissa,control,control,0,D1,1,0.0548
P__pityusensis,Conillera_Eivissa,control,control,0,D2,0,0.0468
P__pityusensis,Conillera_Eivissa,control,control,0,D3,0,0.0582
P__pityusensis,Conillera_Eivissa,control,control,0,D4,1,0.052
P__pityusensis,Conillera_Eivissa,control,control,0,D5,0,0.0439
P__pityusensis,Conillera_Eivissa,control,control,0,D6,0,0.0544
P__pityusensis,Conillera_Eivissa,control,control,0,D7,0,0.054
P__pityusensis,Conillera_Eivissa,control,control,0,D8,0,0.0566
P__pityusensis,Conillera_Eivissa,control,control,0,D9,1,0.0622
P__pityusensis,Conillera_Eivissa,control,control,0,D10,0,0.0587
P__pityusensis,Conillera_Eivissa,control,control,0,E1,0,0.0453
P__pityusensis,Conillera_Eivissa,control,control,0,E2,1,0.0455
P__pityusensis,Conillera_Eivissa,control,control,0,E3,1,0.074
P__pityusensis,Conillera_Eivissa,control,control,0,E4,1,0.0457
P__pityusensis,Conillera_Eivissa,control,control,0,E5,0,0.0384
P__pityusensis,Conillera_Eivissa,control,control,0,E6,0,0.0613
P__pityusensis,Conillera_Eivissa,control,control,0,E7,0,0.0643
P__pityusensis,Conillera_Eivissa,control,control,0,E8,0,0.0442
P__pityusensis,Conillera_Eivissa,control,control,0,E9,0,0.0467
P__pityusensis,Conillera_Eivissa,control,control,0,E10,0,0.0525
P__pityusensis,Conillera_Eivissa,P__pityusensis,dispersed,1,1,1,0.0695
P__pityusensis,Conillera_Eivissa,P__pityusensis,dispersed,1,2,0,0.0645
P__pityusensis,Conillera_Eivissa,P__pityusensis,dispersed,1,3,0,0.0533
P__pityusensis,Conillera_Eivissa,P__pityusensis,dispersed,1,4,1,0.0477
P__pityusensis,Conillera_Eivissa,P__pityusensis,dispersed,1,5,0,0.0448
P__pityusensis,Conillera_Eivissa,P__pityusensis,dispersed,1,6,0,0.0379
P__pityusensis,Conillera_Eivissa,P__pityusensis,dispersed,1,7,1,0.0347
P__pityusensis,Conillera_Eivissa,P__pityusensis,dispersed,1,8,0,0.0345
P__pityusensis,Conillera_Eivissa,P__pityusensis,dispersed,1,9,1,0.0402
P__pityusensis,Conillera_Eivissa,P__pityusensis,dispersed,1,10,0,0.0392
P__pityusensis,Conillera_Eivissa,P__pityusensis,dispersed,1,11,1,0.0441
P__pityusensis,Conillera_Eivissa,P__pityusensis,dispersed,1,12,1,0.0468
P__pityusensis,Conillera_Eivissa,P__pityusensis,dispersed,1,13,1,0.0316
P__pityusensis,Conillera_Eivissa,P__pityusensis,dispersed,1,14,0,0.0496
P__pityusensis,Conillera_Eivissa,P__pityusensis,dispersed,1,15,0,0.0458
P__pityusensis,Conillera_Eivissa,P__pityusensis,dispersed,1,16,0,0.0441
P__pityusensis,Conillera_Eivissa,P__pityusensis,dispersed,1,17,0,0.0445
P__pityusensis,Conillera_Eivissa,P__pityusensis,dispersed,1,18,1,0.0408
P__pityusensis,Conillera_Eivissa,P__pityusensis,dispersed,1,19,1,0.0381
P__pityusensis,Conillera_Eivissa,P__pityusensis,dispersed,1,20,1,0.0346
P__pityusensis,Conillera_Eivissa,P__pityusensis,dispersed,1,21,1,0.0662
P__pityusensis,Conillera_Eivissa,P__pityusensis,dispersed,1,22,1,0.0497
P__pityusensis,Conillera_Eivissa,P__pityusensis,dispersed,1,23,1,0.0381
P__pityusensis,Conillera_Eivissa,P__pityusensis,dispersed,1,24,0,0.054
P__pityusensis,Conillera_Eivissa,P__pityusensis,dispersed,1,25,1,0.0491
P__pityusensis,Conillera_Eivissa,P__pityusensis,dispersed,1,26,1,0.0551
P__pityusensis,Conillera_Eivissa,P__pityusensis,dispersed,1,27,0,0.0641
P__pityusensis,Conillera_Eivissa,P__pityusensis,dispersed,1,28,1,0.0614
P__pityusensis,Conillera_Eivissa,P__pityusensis,dispersed,1,29,1,0.0433
P__pityusensis,Conillera_Eivissa,P__pityusensis,dispersed,1,30,0,0.0376
P__pityusensis,Conillera_Eivissa,P__pityusensis,dispersed,1,31,0,0.0504
P__pityusensis,Conillera_Eivissa,P__pityusensis,dispersed,1,32,0,0.0257
P__pityusensis,Conillera_Eivissa,P__pityusensis,dispersed,1,33,0,0.0595
P__pityusensis,Conillera_Eivissa,P__pityusensis,dispersed,1,34,1,0.0516
P__pityusensis,Conillera_Eivissa,P__pityusensis,dispersed,1,35,1,0.0461
P__pityusensis,Conillera_Eivissa,P__pityusensis,dispersed,1,36,0,0.0292
P__pityusensis,Conillera_Eivissa,P__pityusensis,dispersed,1,37,0,0.0674
P__pityusensis,Conillera_Eivissa,P__pityusensis,dispersed,1,38,0,0.0191
P__pityusensis,Conillera_Eivissa,P__pityusensis,dispersed,1,39,0,0.028
P__pityusensis,Conillera_Eivissa,P__pityusensis,dispersed,1,40,0,0.056
P__pityusensis,Conillera_Eivissa,P__pityusensis,dispersed,1,41,0,0.0454
P__pityusensis,Conillera_Eivissa,P__pityusensis,dispersed,1,42,0,0.0368
P__pityusensis,Conillera_Eivissa,P__pityusensis,dispersed,1,43,0,0.0536
P__pityusensis,Conillera_Eivissa,P__pityusensis,dispersed,1,44,1,0.0738
P__pityusensis,Conillera_Eivissa,P__pityusensis,dispersed,1,45,0,0.0366
P__pityusensis,Conillera_Eivissa,P__pityusensis,dispersed,1,46,0,0.0476
P__pityusensis,Conillera_Eivissa,P__pityusensis,dispersed,1,47,0,0.0366
P__pityusensis,Conillera_Eivissa,P__pityusensis,dispersed,1,48,0,0.053
P__pityusensis,Conillera_Eivissa,P__pityusensis,dispersed,1,49,1,0.0402
P__pityusensis,Conillera_Eivissa,P__pityusensis,dispersed,1,50,1,0.0512
P__lilfordi,Dragonera,control,control,0,A1,1,0.073
P__lilfordi,Dragonera,control,control,0,A2,1,0.0635
P__lilfordi,Dragonera,control,control,0,A3,0,0.062
P__lilfordi,Dragonera,control,control,0,A4,0,0.0617
P__lilfordi,Dragonera,control,control,0,A5,0,0.0631
P__lilfordi,Dragonera,control,control,0,A6,1,0.0363
P__lilfordi,Dragonera,control,control,0,A7,1,0.0451
P__lilfordi,Dragonera,control,control,0,A8,1,0.0498
P__lilfordi,Dragonera,control,control,0,A9,1,0.0471
P__lilfordi,Dragonera,control,control,0,A10,1,0.0474
P__lilfordi,Dragonera,control,control,0,B1,0,0.0842
P__lilfordi,Dragonera,control,control,0,B2,0,0.079
P__lilfordi,Dragonera,control,control,0,B3,0,0.0856
P__lilfordi,Dragonera,control,control,0,B4,0,0.0911
P__lilfordi,Dragonera,control,control,0,B5,0,0.0843
P__lilfordi,Dragonera,control,control,0,B6,0,0.0652
P__lilfordi,Dragonera,control,control,0,B7,1,0.0749
P__lilfordi,Dragonera,control,control,0,B8,0,0.0754
P__lilfordi,Dragonera,control,control,0,B9,0,0.0721
P__lilfordi,Dragonera,control,control,0,B10,0,0.0697
P__lilfordi,Dragonera,control,control,0,C1,0,0.0537
P__lilfordi,Dragonera,control,control,0,C2,1,0.0534
P__lilfordi,Dragonera,control,control,0,C3,1,0.0574
P__lilfordi,Dragonera,control,control,0,C4,0,0.0556
P__lilfordi,Dragonera,control,control,0,C5,0,0.0581
P__lilfordi,Dragonera,control,control,0,C6,0,0.0788
P__lilfordi,Dragonera,control,control,0,C7,0,0.0639
P__lilfordi,Dragonera,control,control,0,C8,0,0.0637
P__lilfordi,Dragonera,control,control,0,C9,1,0.0815
P__lilfordi,Dragonera,control,control,0,C10,0,0.0668
P__lilfordi,Dragonera,control,control,0,D1,0,0.0569
P__lilfordi,Dragonera,control,control,0,D2,0,0.0444
P__lilfordi,Dragonera,control,control,0,D3,1,0.0589
P__lilfordi,Dragonera,control,control,0,D4,0,0.0591
P__lilfordi,Dragonera,control,control,0,D5,0,0.0511
P__lilfordi,Dragonera,control,control,0,D6,1,0.0646
P__lilfordi,Dragonera,control,control,0,D7,1,0.0498
P__lilfordi,Dragonera,control,control,0,D8,0,0.0638
P__lilfordi,Dragonera,control,control,0,D9,1,0.061
P__lilfordi,Dragonera,control,control,0,D10,0,0.0611
P__lilfordi,Dragonera,control,control,0,E1,1,0.0521
P__lilfordi,Dragonera,control,control,0,E2,1,0.0514
P__lilfordi,Dragonera,control,control,0,E3,1,0.0521
P__lilfordi,Dragonera,control,control,0,E4,1,0.0441
P__lilfordi,Dragonera,control,control,0,E5,0,0.045
P__lilfordi,Dragonera,control,control,0,E6,1,0.0543
P__lilfordi,Dragonera,control,control,0,E7,1,0.0603
P__lilfordi,Dragonera,control,control,0,E8,0,0.05
P__lilfordi,Dragonera,control,control,0,E9,0,0.0593
P__lilfordi,Dragonera,control,control,0,E10,0,0.0516
P__lilfordi,Dragonera,P__lilfordi,dispersed,1,1,0,0.0598
P__lilfordi,Dragonera,P__lilfordi,dispersed,1,2,1,0.0575
P__lilfordi,Dragonera,P__lilfordi,dispersed,1,3,1,0.0787
P__lilfordi,Dragonera,P__lilfordi,dispersed,1,4,0,0.0513
P__lilfordi,Dragonera,P__lilfordi,dispersed,1,5,1,0.0861
P__lilfordi,Dragonera,P__lilfordi,dispersed,1,6,0,0.0783
P__lilfordi,Dragonera,P__lilfordi,dispersed,1,7,0,0.0455
P__lilfordi,Dragonera,P__lilfordi,dispersed,1,8,1,0.0525
P__lilfordi,Dragonera,P__lilfordi,dispersed,1,9,0,0.0647
P__lilfordi,Dragonera,P__lilfordi,dispersed,1,10,0,0.0606
P__lilfordi,Dragonera,P__lilfordi,dispersed,1,11,0,0.0636
P__lilfordi,Dragonera,P__lilfordi,dispersed,1,12,1,0.0707
P__lilfordi,Dragonera,P__lilfordi,dispersed,1,13,0,0.0456
P__lilfordi,Dragonera,P__lilfordi,dispersed,1,14,0,0.0503
P__lilfordi,Dragonera,P__lilfordi,dispersed,1,15,0,0.0546
P__lilfordi,Dragonera,P__lilfordi,dispersed,1,16,1,0.0603
P__lilfordi,Dragonera,P__lilfordi,dispersed,1,17,0,0.067
P__lilfordi,Dragonera,P__lilfordi,dispersed,1,18,0,0.065
P__lilfordi,Dragonera,P__lilfordi,dispersed,1,19,1,0.0481
P__lilfordi,Dragonera,P__lilfordi,dispersed,1,20,0,0.076
P__lilfordi,Dragonera,P__lilfordi,dispersed,1,21,1,0.0702
P__lilfordi,Dragonera,P__lilfordi,dispersed,1,22,1,0.066
P__lilfordi,Dragonera,P__lilfordi,dispersed,1,23,1,0.0668
P__lilfordi,Dragonera,P__lilfordi,dispersed,1,24,1,0.0538
P__lilfordi,Dragonera,P__lilfordi,dispersed,1,25,0,0.0505
P__lilfordi,Dragonera,P__lilfordi,dispersed,1,26,1,0.0509
P__lilfordi,Dragonera,P__lilfordi,dispersed,1,27,1,0.065
P__lilfordi,Dragonera,P__lilfordi,dispersed,1,28,0,0.0467
P__lilfordi,Dragonera,P__lilfordi,dispersed,1,29,0,0.0524
P__lilfordi,Dragonera,P__lilfordi,dispersed,1,30,1,0.0692
P__lilfordi,Dragonera,P__lilfordi,dispersed,1,31,1,0.0468
P__lilfordi,Dragonera,P__lilfordi,dispersed,1,32,0,0.0537
P__lilfordi,Dragonera,P__lilfordi,dispersed,1,33,1,0.0488
P__lilfordi,Dragonera,P__lilfordi,dispersed,1,34,0,0.0639
P__lilfordi,Dragonera,P__lilfordi,dispersed,1,35,0,0.0657
P__lilfordi,Dragonera,P__lilfordi,dispersed,1,36,1,0.0593
P__lilfordi,Dragonera,P__lilfordi,dispersed,1,37,0,0.061
P__lilfordi,Dragonera,P__lilfordi,dispersed,1,38,1,0.0527
P__lilfordi,Dragonera,P__lilfordi,dispersed,1,39,0,0.0863
P__lilfordi,Dragonera,P__lilfordi,dispersed,1,40,1,0.0818
P__lilfordi,Dragonera,P__lilfordi,dispersed,1,41,0,0.0562
P__lilfordi,Dragonera,P__lilfordi,dispersed,1,42,0,0.0413
P__lilfordi,Dragonera,P__lilfordi,dispersed,1,43,0,0.0438
P__lilfordi,Dragonera,P__lilfordi,dispersed,1,44,1,0.0328
P__lilfordi,Dragonera,P__lilfordi,dispersed,1,45,1,0.0778
P__lilfordi,Dragonera,P__lilfordi,dispersed,1,46,1,0.0343
P__lilfordi,Dragonera,P__lilfordi,dispersed,1,47,0,0.0588
P__lilfordi,Dragonera,P__lilfordi,dispersed,1,48,1,0.0494
P__lilfordi,Dragonera,P__lilfordi,dispersed,1,49,0,0.064
P__lilfordi,Dragonera,P__lilfordi,dispersed,1,50,1,0.0632
P__pityusensis,Espalmador,control,control,0,A1,1,0.041
P__pityusensis,Espalmador,control,control,0,A2,1,0.0703
P__pityusensis,Espalmador,control,control,0,A3,1,0.0514
P__pityusensis,Espalmador,control,control,0,A4,0,0.0241
P__pityusensis,Espalmador,control,control,0,A5,1,0.039
P__pityusensis,Espalmador,control,control,0,A6,1,0.0526
P__pityusensis,Espalmador,control,control,0,A7,1,0.055
P__pityusensis,Espalmador,control,control,0,A8,0,0.0304
P__pityusensis,Espalmador,control,control,0,A9,1,0.0601
P__pityusensis,Espalmador,control,control,0,A10,1,0.0567
P__pityusensis,Espalmador,control,control,0,B1,1,0.0418
P__pityusensis,Espalmador,control,control,0,B2,1,0.0401
P__pityusensis,Espalmador,control,control,0,B3,1,0.0347
P__pityusensis,Espalmador,control,control,0,B4,0,0.0521
P__pityusensis,Espalmador,control,control,0,B5,0,0.0285
P__pityusensis,Espalmador,control,control,0,B6,0,0.05
P__pityusensis,Espalmador,control,control,0,B7,1,0.0464
P__pityusensis,Espalmador,control,control,0,B8,0,0.0509
P__pityusensis,Espalmador,control,control,0,B9,1,0.0465
P__pityusensis,Espalmador,control,control,0,B10,1,0.045
P__pityusensis,Espalmador,control,control,0,C1,1,0.0392
P__pityusensis,Espalmador,control,control,0,C2,1,0.0404
P__pityusensis,Espalmador,control,control,0,C3,1,0.0412
P__pityusensis,Espalmador,control,control,0,C4,0,0.0298
P__pityusensis,Espalmador,control,control,0,C5,0,0.0425
P__pityusensis,Espalmador,control,control,0,C6,1,0.0292
P__pityusensis,Espalmador,control,control,0,C7,1,0.0176
P__pityusensis,Espalmador,control,control,0,C8,1,0.0288
P__pityusensis,Espalmador,control,control,0,C9,0,0.0243
P__pityusensis,Espalmador,control,control,0,C10,1,0.0203
P__pityusensis,Espalmador,control,control,0,D1,0,0.0488
P__pityusensis,Espalmador,control,control,0,D2,1,0.0556
P__pityusensis,Espalmador,control,control,0,D3,0,0.0558
P__pityusensis,Espalmador,control,control,0,D4,0,0.0429
P__pityusensis,Espalmador,control,control,0,D5,1,0.0262
P__pityusensis,Espalmador,control,control,0,D6,1,0.0382
P__pityusensis,Espalmador,control,control,0,D7,1,0.0411
P__pityusensis,Espalmador,control,control,0,D8,1,0.0466
P__pityusensis,Espalmador,control,control,0,D9,1,0.0353
P__pityusensis,Espalmador,control,control,0,D10,1,0.0402
P__pityusensis,Espalmador,control,control,0,E1,1,0.0277
P__pityusensis,Espalmador,control,control,0,E2,1,0.0306
P__pityusensis,Espalmador,control,control,0,E3,0,0.0274
P__pityusensis,Espalmador,control,control,0,E4,1,0.0313
P__pityusensis,Espalmador,control,control,0,E5,1,0.0316
P__pityusensis,Espalmador,control,control,0,E6,1,0.0436
P__pityusensis,Espalmador,control,control,0,E7,0,0.0516
P__pityusensis,Espalmador,control,control,0,E8,1,0.0502
P__pityusensis,Espalmador,control,control,0,E9,1,0.0387
P__pityusensis,Espalmador,control,control,0,E10,1,0.0377
P__pityusensis,Espalmador,P__pityusensis,dispersed,1,1,1,0.0405
P__pityusensis,Espalmador,P__pityusensis,dispersed,1,2,0,0.0354
P__pityusensis,Espalmador,P__pityusensis,dispersed,1,3,0,0.0352
P__pityusensis,Espalmador,P__pityusensis,dispersed,1,4,1,0.0405
P__pityusensis,Espalmador,P__pityusensis,dispersed,1,5,1,0.0428
P__pityusensis,Espalmador,P__pityusensis,dispersed,1,6,1,0.0442
P__pityusensis,Espalmador,P__pityusensis,dispersed,1,7,1,0.0342
P__pityusensis,Espalmador,P__pityusensis,dispersed,1,8,1,0.0291
P__pityusensis,Espalmador,P__pityusensis,dispersed,1,9,1,0.0316
P__pityusensis,Espalmador,P__pityusensis,dispersed,1,10,1,0.0496
P__pityusensis,Espalmador,P__pityusensis,dispersed,1,11,1,0.0343
P__pityusensis,Espalmador,P__pityusensis,dispersed,1,12,1,0.0463
P__pityusensis,Espalmador,P__pityusensis,dispersed,1,13,0,0.0428
P__pityusensis,Espalmador,P__pityusensis,dispersed,1,14,1,0.027
P__pityusensis,Espalmador,P__pityusensis,dispersed,1,15,1,0.0604
P__pityusensis,Espalmador,P__pityusensis,dispersed,1,16,0,0.017
P__pityusensis,Espalmador,P__pityusensis,dispersed,1,17,1,0.0479
P__pityusensis,Espalmador,P__pityusensis,dispersed,1,18,1,0.0435
P__pityusensis,Espalmador,P__pityusensis,dispersed,1,19,1,0.0399
P__pityusensis,Espalmador,P__pityusensis,dispersed,1,20,1,0.046
P__pityusensis,Espalmador,P__pityusensis,dispersed,1,21,1,0.043
P__pityusensis,Espalmador,P__pityusensis,dispersed,1,22,1,0.042
P__pityusensis,Espalmador,P__pityusensis,dispersed,1,23,1,0.0452
P__pityusensis,Espalmador,P__pityusensis,dispersed,1,24,1,0.0264
P__pityusensis,Espalmador,P__pityusensis,dispersed,1,25,0,0.0301
P__pityusensis,Espalmador,P__pityusensis,dispersed,1,26,1,0.0277
P__pityusensis,Espalmador,P__pityusensis,dispersed,1,27,0,0.0358
P__pityusensis,Espalmador,P__pityusensis,dispersed,1,28,1,0.0233
P__pityusensis,Espalmador,P__pityusensis,dispersed,1,29,0,0.0377
P__pityusensis,Espalmador,P__pityusensis,dispersed,1,30,0,0.03
P__pityusensis,Espalmador,P__pityusensis,dispersed,1,31,1,0.0442
P__pityusensis,Espalmador,P__pityusensis,dispersed,1,32,1,0.0249
P__pityusensis,Espalmador,P__pityusensis,dispersed,1,33,0,0.0218
P__pityusensis,Espalmador,P__pityusensis,dispersed,1,34,1,0.0403
P__pityusensis,Espalmador,P__pityusensis,dispersed,1,35,1,0.0553
P__pityusensis,Espalmador,P__pityusensis,dispersed,1,36,0,0.0334
P__pityusensis,Espalmador,P__pityusensis,dispersed,1,37,0,0.0422
P__pityusensis,Espalmador,P__pityusensis,dispersed,1,38,0,0.026
P__pityusensis,Espalmador,P__pityusensis,dispersed,1,39,0,0.0309
P__pityusensis,Espalmador,P__pityusensis,dispersed,1,40,1,0.032
P__pityusensis,Espalmador,P__pityusensis,dispersed,1,41,1,0.0296
P__pityusensis,Espalmador,P__pityusensis,dispersed,1,42,0,0.036
P__pityusensis,Espalmador,P__pityusensis,dispersed,1,43,0,0.0379
P__pityusensis,Espalmador,P__pityusensis,dispersed,1,44,1,0.0284
P__pityusensis,Espalmador,P__pityusensis,dispersed,1,45,1,0.0305
P__pityusensis,Espalmador,P__pityusensis,dispersed,1,46,1,0.0334
P__pityusensis,Espalmador,P__pityusensis,dispersed,1,47,0,0.0384
P__pityusensis,Espalmador,P__pityusensis,dispersed,1,48,1,0.0253
P__pityusensis,Espalmador,P__pityusensis,dispersed,1,49,0,0.0423
P__pityusensis,Espalmador,P__pityusensis,dispersed,1,50,1,0.0235
P__pityusensis,Espardell,control,control,0,A1,0,0.052
P__pityusensis,Espardell,control,control,0,A2,0,0.0486
P__pityusensis,Espardell,control,control,0,A3,1,0.0468
P__pityusensis,Espardell,control,control,0,A4,1,0.0593
P__pityusensis,Espardell,control,control,0,A5,1,0.0592
P__pityusensis,Espardell,control,control,0,A6,1,0.0433
P__pityusensis,Espardell,control,control,0,A7,0,0.0359
P__pityusensis,Espardell,control,control,0,A8,1,0.0471
P__pityusensis,Espardell,control,control,0,A9,1,0.0455
P__pityusensis,Espardell,control,control,0,A10,0,0.0558
P__pityusensis,Espardell,control,control,0,B1,0,0.0468
P__pityusensis,Espardell,control,control,0,B2,0,0.0448
P__pityusensis,Espardell,control,control,0,B3,1,0.043
P__pityusensis,Espardell,control,control,0,B4,1,0.0484
P__pityusensis,Espardell,control,control,0,B5,1,0.0453
P__pityusensis,Espardell,control,control,0,B6,1,0.0458
P__pityusensis,Espardell,control,control,0,B7,0,0.0349
P__pityusensis,Espardell,control,control,0,B8,0,0.0356
P__pityusensis,Espardell,control,control,0,B9,0,0.0382
P__pityusensis,Espardell,control,control,0,B10,1,0.0358
P__pityusensis,Espardell,control,control,0,C1,0,0.0536
P__pityusensis,Espardell,control,control,0,C2,1,0.0507
P__pityusensis,Espardell,control,control,0,C3,1,0.0548
P__pityusensis,Espardell,control,control,0,C4,1,0.0533
P__pityusensis,Espardell,control,control,0,C5,1,0.0409
P__pityusensis,Espardell,control,control,0,C6,1,0.0407
P__pityusensis,Espardell,control,control,0,C7,0,0.0547
P__pityusensis,Espardell,control,control,0,C8,1,0.0418
P__pityusensis,Espardell,control,control,0,C8,1,0.0345
P__pityusensis,Espardell,control,control,0,C10,1,0.0454
P__pityusensis,Espardell,control,control,0,D1,1,0.0674
P__pityusensis,Espardell,control,control,0,D2,1,0.0556
P__pityusensis,Espardell,control,control,0,D3,1,0.0576
P__pityusensis,Espardell,control,control,0,D4,1,0.0624
P__pityusensis,Espardell,control,control,0,D5,1,0.0352
P__pityusensis,Espardell,control,control,0,D6,0,0.0368
P__pityusensis,Espardell,control,control,0,D7,0,0.0398
P__pityusensis,Espardell,control,control,0,D8,1,0.0391
P__pityusensis,Espardell,control,control,0,D9,0,0.0357
P__pityusensis,Espardell,control,control,0,D10,0,0.0268
P__pityusensis,Espardell,control,control,0,E1,0,0.0592
P__pityusensis,Espardell,control,control,0,E2,0,0.06
P__pityusensis,Espardell,control,control,0,E3,0,0.0572
P__pityusensis,Espardell,control,control,0,E4,1,0.0589
P__pityusensis,Espardell,control,control,0,E5,1,0.0619
P__pityusensis,Espardell,control,control,0,E6,0,0.0628
P__pityusensis,Espardell,control,control,0,E7,1,0.0459
P__pityusensis,Espardell,control,control,0,E8,1,0.0508
P__pityusensis,Espardell,control,control,0,E9,0,0.05
P__pityusensis,Espardell,control,control,0,E10,1,0.0682
P__pityusensis,Espardell,P__pityusensis,dispersed,1,1,1,0.0368
P__pityusensis,Espardell,P__pityusensis,dispersed,1,2,0,0.0215
P__pityusensis,Espardell,P__pityusensis,dispersed,1,3,0,0.0243
P__pityusensis,Espardell,P__pityusensis,dispersed,1,4,0,0.023
P__pityusensis,Espardell,P__pityusensis,dispersed,1,5,1,0.0557
P__pityusensis,Espardell,P__pityusensis,dispersed,1,6,0,0.0428
P__pityusensis,Espardell,P__pityusensis,dispersed,1,7,0,0.039
P__pityusensis,Espardell,P__pityusensis,dispersed,1,8,0,0.0189
P__pityusensis,Espardell,P__pityusensis,dispersed,1,9,0,0.0252
P__pityusensis,Espardell,P__pityusensis,dispersed,1,10,1,0.0402
P__pityusensis,Espardell,P__pityusensis,dispersed,1,11,0,0.0455
P__pityusensis,Espardell,P__pityusensis,dispersed,1,12,1,0.0387
P__pityusensis,Espardell,P__pityusensis,dispersed,1,13,0,0.0422
P__pityusensis,Espardell,P__pityusensis,dispersed,1,14,0,0.0355
P__pityusensis,Espardell,P__pityusensis,dispersed,1,15,0,0.0319
P__pityusensis,Espardell,P__pityusensis,dispersed,1,16,0,0.0334
P__pityusensis,Espardell,P__pityusensis,dispersed,1,17,1,0.0283
P__pityusensis,Espardell,P__pityusensis,dispersed,1,18,0,0.0471
P__pityusensis,Espardell,P__pityusensis,dispersed,1,19,0,0.0222
P__pityusensis,Espardell,P__pityusensis,dispersed,1,20,0,0.0222
P__pityusensis,Espardell,P__pityusensis,dispersed,1,21,0,0.0308
P__pityusensis,Espardell,P__pityusensis,dispersed,1,22,0,0.0458
P__pityusensis,Espardell,P__pityusensis,dispersed,1,23,0,0.0301
P__pityusensis,Espardell,P__pityusensis,dispersed,1,24,0,0.0346
P__pityusensis,Espardell,P__pityusensis,dispersed,1,25,0,0.0238
P__pityusensis,Espardell,P__pityusensis,dispersed,1,26,0,0.0338
P__pityusensis,Espardell,P__pityusensis,dispersed,1,27,0,0.0354
P__pityusensis,Espardell,P__pityusensis,dispersed,1,28,0,0.0225
P__pityusensis,Espardell,P__pityusensis,dispersed,1,29,0,0.0391
P__pityusensis,Espardell,P__pityusensis,dispersed,1,30,0,0.0685
P__pityusensis,Espardell,P__pityusensis,dispersed,1,31,0,0.0325
P__pityusensis,Espardell,P__pityusensis,dispersed,1,32,0,0.0361
P__pityusensis,Espardell,P__pityusensis,dispersed,1,33,0,0.0318
P__pityusensis,Espardell,P__pityusensis,dispersed,1,34,0,0.0285
P__pityusensis,Espardell,P__pityusensis,dispersed,1,35,0,0.0356
P__pityusensis,Espardell,P__pityusensis,dispersed,1,36,0,0.027
P__pityusensis,Espardell,P__pityusensis,dispersed,1,37,1,0.0495
P__pityusensis,Espardell,P__pityusensis,dispersed,1,38,0,0.0469
P__pityusensis,Espardell,P__pityusensis,dispersed,1,39,0,0.0256
P__pityusensis,Espardell,P__pityusensis,dispersed,1,40,0,0.0267
P__pityusensis,Espardell,P__pityusensis,dispersed,1,41,0,0.0517
P__pityusensis,Espardell,P__pityusensis,dispersed,1,42,0,0.0324
P__pityusensis,Espardell,P__pityusensis,dispersed,1,43,1,0.0528
P__pityusensis,Espardell,P__pityusensis,dispersed,1,44,0,0.035
P__pityusensis,Espardell,P__pityusensis,dispersed,1,45,0,0.039
P__pityusensis,Espardell,P__pityusensis,dispersed,1,46,0,0.0267
P__pityusensis,Espardell,P__pityusensis,dispersed,1,47,0,0.0235
P__pityusensis,Espardell,P__pityusensis,dispersed,1,48,1,0.048
P__pityusensis,Espardell,P__pityusensis,dispersed,1,49,0,0.0409
P__pityusensis,Espardell,P__pityusensis,dispersed,1,50,0,0.0347
P__pityusensis,Espartar,control,control,0,A1,1,0.0701
P__pityusensis,Espartar,control,control,0,A2,1,0.0659
P__pityusensis,Espartar,control,control,0,A3,1,0.0597
P__pityusensis,Espartar,control,control,0,A4,0,0.0685
P__pityusensis,Espartar,control,control,0,A5,1,0.0536
P__pityusensis,Espartar,control,control,0,A6,1,0.0903
P__pityusensis,Espartar,control,control,0,A7,1,0.0875
P__pityusensis,Espartar,control,control,0,A8,1,0.0851
P__pityusensis,Espartar,control,control,0,A9,0,0.0864
P__pityusensis,Espartar,control,control,0,A10,1,0.0731
P__pityusensis,Espartar,control,control,0,B1,0,0.0471
P__pityusensis,Espartar,control,control,0,B2,1,0.0576
P__pityusensis,Espartar,control,control,0,B3,0,0.045
P__pityusensis,Espartar,control,control,0,B4,1,0.0652
P__pityusensis,Espartar,control,control,0,B5,1,0.0418
P__pityusensis,Espartar,control,control,0,B6,1,0.0442
P__pityusensis,Espartar,control,control,0,B7,1,0.0355
P__pityusensis,Espartar,control,control,0,B8,1,0.0458
P__pityusensis,Espartar,control,control,0,B9,1,0.0376
P__pityusensis,Espartar,control,control,0,B10,0,0.0339
P__pityusensis,Espartar,control,control,0,C1,1,0.0621
P__pityusensis,Espartar,control,control,0,C2,1,0.0657
P__pityusensis,Espartar,control,control,0,C3,0,0.0565
P__pityusensis,Espartar,control,control,0,C4,1,0.0554
P__pityusensis,Espartar,control,control,0,C5,1,0.0593
P__pityusensis,Espartar,control,control,0,C6,0,0.0329
P__pityusensis,Espartar,control,control,0,C7,0,0.0262
P__pityusensis,Espartar,control,control,0,C8,1,0.0289
P__pityusensis,Espartar,control,control,0,C9,0,0.0309
P__pityusensis,Espartar,control,control,0,C10,1,0.0302
P__pityusensis,Espartar,control,control,0,D1,1,0.089
P__pityusensis,Espartar,control,control,0,D2,1,0.0769
P__pityusensis,Espartar,control,control,0,D3,1,0.083
P__pityusensis,Espartar,control,control,0,D4,1,0.0652
P__pityusensis,Espartar,control,control,0,D5,1,0.0627
P__pityusensis,Espartar,control,control,0,D6,1,0.0637
P__pityusensis,Espartar,control,control,0,D7,0,0.0611
P__pityusensis,Espartar,control,control,0,D8,0,0.0679
P__pityusensis,Espartar,control,control,0,D9,0,0.0584
P__pityusensis,Espartar,control,control,0,D10,0,0.052
P__pityusensis,Espartar,control,control,0,E1,1,0.0531
P__pityusensis,Espartar,control,control,0,E2,1,0.0502
P__pityusensis,Espartar,control,control,0,E3,1,0.0483
P__pityusensis,Espartar,control,control,0,E4,1,0.0479
P__pityusensis,Espartar,control,control,0,E5,0,0.0533
P__pityusensis,Espartar,control,control,0,E6,1,0.0634
P__pityusensis,Espartar,control,control,0,E7,0,0.0686
P__pityusensis,Espartar,control,control,0,E8,0,0.0655
P__pityusensis,Espartar,control,control,0,E9,1,0.0607
P__pityusensis,Espartar,control,control,0,E10,0,0.0641
P__pityusensis,Espartar,P__pityusensis,dispersed,1,1,0,0.0203
P__pityusensis,Espartar,P__pityusensis,dispersed,1,2,0,0.0352
P__pityusensis,Espartar,P__pityusensis,dispersed,1,3,1,0.047
P__pityusensis,Espartar,P__pityusensis,dispersed,1,4,0,0.0432
P__pityusensis,Espartar,P__pityusensis,dispersed,1,5,1,0.0489
P__pityusensis,Espartar,P__pityusensis,dispersed,1,6,0,0.0175
P__pityusensis,Espartar,P__pityusensis,dispersed,1,7,0,0.037
P__pityusensis,Espartar,P__pityusensis,dispersed,1,8,1,0.0631
P__pityusensis,Espartar,P__pityusensis,dispersed,1,9,1,0.0301
P__pityusensis,Espartar,P__pityusensis,dispersed,1,10,0,0.0372
P__pityusensis,Espartar,P__pityusensis,dispersed,1,11,1,0.0115
P__pityusensis,Espartar,P__pityusensis,dispersed,1,12,0,0.0444
P__pityusensis,Espartar,P__pityusensis,dispersed,1,13,1,0.0502
P__pityusensis,Espartar,P__pityusensis,dispersed,1,14,1,0.0629
P__pityusensis,Espartar,P__pityusensis,dispersed,1,15,0,0.0375
P__pityusensis,Espartar,P__pityusensis,dispersed,1,16,0,0.0383
P__pityusensis,Espartar,P__pityusensis,dispersed,1,17,1,0.0423
P__pityusensis,Espartar,P__pityusensis,dispersed,1,18,0,0.0432
P__pityusensis,Espartar,P__pityusensis,dispersed,1,19,1,0.0591
P__pityusensis,Espartar,P__pityusensis,dispersed,1,20,0,0.0303
P__pityusensis,Espartar,P__pityusensis,dispersed,1,21,0,0.027
P__pityusensis,Espartar,P__pityusensis,dispersed,1,22,0,0.0229
P__pityusensis,Espartar,P__pityusensis,dispersed,1,23,1,0.0389
P__pityusensis,Espartar,P__pityusensis,dispersed,1,24,0,0.0354
P__pityusensis,Espartar,P__pityusensis,dispersed,1,25,0,0.0418
P__pityusensis,Espartar,P__pityusensis,dispersed,1,26,1,0.0423
P__pityusensis,Espartar,P__pityusensis,dispersed,1,27,0,0.074
P__pityusensis,Espartar,P__pityusensis,dispersed,1,28,0,0.0191
P__pityusensis,Espartar,P__pityusensis,dispersed,1,29,0,0.0183
P__pityusensis,Espartar,P__pityusensis,dispersed,1,30,1,0.057
P__pityusensis,Espartar,P__pityusensis,dispersed,1,31,0,0.0332
P__pityusensis,Espartar,P__pityusensis,dispersed,1,32,1,0.0434
P__pityusensis,Espartar,P__pityusensis,dispersed,1,33,0,0.0248
P__pityusensis,Espartar,P__pityusensis,dispersed,1,34,1,0.0388
P__pityusensis,Espartar,P__pityusensis,dispersed,1,35,1,0.0566
P__pityusensis,Espartar,P__pityusensis,dispersed,1,36,0,0.0208
P__pityusensis,Espartar,P__pityusensis,dispersed,1,37,0,0.024
P__pityusensis,Espartar,P__pityusensis,dispersed,1,38,0,0.023
P__pityusensis,Espartar,P__pityusensis,dispersed,1,39,0,0.0254
P__pityusensis,Espartar,P__pityusensis,dispersed,1,40,0,0.0418
P__pityusensis,Espartar,P__pityusensis,dispersed,1,41,1,0.0484
P__pityusensis,Espartar,P__pityusensis,dispersed,1,42,0,0.0553
P__pityusensis,Espartar,P__pityusensis,dispersed,1,43,1,0.0632
P__pityusensis,Espartar,P__pityusensis,dispersed,1,44,0,0.0226
P__pityusensis,Espartar,P__pityusensis,dispersed,1,45,1,0.0402
P__pityusensis,Espartar,P__pityusensis,dispersed,1,46,0,0.0491
P__pityusensis,Espartar,P__pityusensis,dispersed,1,47,0,0.0155
P__pityusensis,Espartar,P__pityusensis,dispersed,1,48,0,0.0291
P__pityusensis,Espartar,P__pityusensis,dispersed,1,49,0,0.0667
P__pityusensis,Espartar,P__pityusensis,dispersed,1,50,1,0.0322
P__pityusensis,Illa_des_Bosc,control,control,0,A1,0,0.0319
P__pityusensis,Illa_des_Bosc,control,control,0,A2,1,0.0486
P__pityusensis,Illa_des_Bosc,control,control,0,A3,1,0.0386
P__pityusensis,Illa_des_Bosc,control,control,0,A4,0,0.0442
P__pityusensis,Illa_des_Bosc,control,control,0,A5,1,0.0307
P__pityusensis,Illa_des_Bosc,control,control,0,A6,0,0.0392
P__pityusensis,Illa_des_Bosc,control,control,0,A7,0,0.0373
P__pityusensis,Illa_des_Bosc,control,control,0,A8,0,0.0524
P__pityusensis,Illa_des_Bosc,control,control,0,A9,1,0.0419
P__pityusensis,Illa_des_Bosc,control,control,0,A10,0,0.0442
P__pityusensis,Illa_des_Bosc,control,control,0,B1,0,0.0523
P__pityusensis,Illa_des_Bosc,control,control,0,B2,0,0.0494
P__pityusensis,Illa_des_Bosc,control,control,0,B3,0,0.0489
P__pityusensis,Illa_des_Bosc,control,control,0,B4,0,0.0522
P__pityusensis,Illa_des_Bosc,control,control,0,B5,1,0.0401
P__pityusensis,Illa_des_Bosc,control,control,0,B6,1,0.048
P__pityusensis,Illa_des_Bosc,control,control,0,B7,0,0.0496
P__pityusensis,Illa_des_Bosc,control,control,0,B8,1,0.0439
P__pityusensis,Illa_des_Bosc,control,control,0,B9,1,0.0474
P__pityusensis,Illa_des_Bosc,control,control,0,B10,0,0.0366
P__pityusensis,Illa_des_Bosc,control,control,0,C1,1,0.0529
P__pityusensis,Illa_des_Bosc,control,control,0,C2,1,0.0487
P__pityusensis,Illa_des_Bosc,control,control,0,C3,0,0.0556
P__pityusensis,Illa_des_Bosc,control,control,0,C4,1,0.0567
P__pityusensis,Illa_des_Bosc,control,control,0,C5,0,0.045
P__pityusensis,Illa_des_Bosc,control,control,0,C6,1,0.0576
P__pityusensis,Illa_des_Bosc,control,control,0,C7,0,0.0493
P__pityusensis,Illa_des_Bosc,control,control,0,C8,0,0.0388
P__pityusensis,Illa_des_Bosc,control,control,0,C9,0,0.0596
P__pityusensis,Illa_des_Bosc,control,control,0,C10,1,0.0463
P__pityusensis,Illa_des_Bosc,control,control,0,D1,0,0.0503
P__pityusensis,Illa_des_Bosc,control,control,0,D2,0,0.049
P__pityusensis,Illa_des_Bosc,control,control,0,D3,0,0.0526
P__pityusensis,Illa_des_Bosc,control,control,0,D4,0,0.0438
P__pityusensis,Illa_des_Bosc,control,control,0,D5,1,0.0392
P__pityusensis,Illa_des_Bosc,control,control,0,D6,0,0.0525
P__pityusensis,Illa_des_Bosc,control,control,0,D7,0,0.0612
P__pityusensis,Illa_des_Bosc,control,control,0,D8,0,0.0607
P__pityusensis,Illa_des_Bosc,control,control,0,D9,0,0.0623
P__pityusensis,Illa_des_Bosc,control,control,0,D10,0,0.0642
P__pityusensis,Illa_des_Bosc,control,control,0,E1,1,0.0623
P__pityusensis,Illa_des_Bosc,control,control,0,E2,0,0.0548
P__pityusensis,Illa_des_Bosc,control,control,0,E3,1,0.0635
P__pityusensis,Illa_des_Bosc,control,control,0,E4,0,0.0539
P__pityusensis,Illa_des_Bosc,control,control,0,E5,0,0.0459
P__pityusensis,Illa_des_Bosc,control,control,0,E6,1,0.0548
P__pityusensis,Illa_des_Bosc,control,control,0,E7,0,0.0467
P__pityusensis,Illa_des_Bosc,control,control,0,E8,0,0.0495
P__pityusensis,Illa_des_Bosc,control,control,0,E9,0,0.0459
P__pityusensis,Illa_des_Bosc,control,control,0,E10,1,0.0497
P__pityusensis,Illa_des_Bosc,P__pityusensis,dispersed,1,1,1,0.0648
P__pityusensis,Illa_des_Bosc,P__pityusensis,dispersed,1,2,1,0.0444
P__pityusensis,Illa_des_Bosc,P__pityusensis,dispersed,1,3,1,0.0464
P__pityusensis,Illa_des_Bosc,P__pityusensis,dispersed,1,4,1,0.035
P__pityusensis,Illa_des_Bosc,P__pityusensis,dispersed,1,5,1,0.0484
P__pityusensis,Illa_des_Bosc,P__pityusensis,dispersed,1,6,1,0.0418
P__pityusensis,Illa_des_Bosc,P__pityusensis,dispersed,1,7,0,0.0332
P__pityusensis,Illa_des_Bosc,P__pityusensis,dispersed,1,8,1,0.0525
P__pityusensis,Illa_des_Bosc,P__pityusensis,dispersed,1,9,1,0.0297
P__pityusensis,Illa_des_Bosc,P__pityusensis,dispersed,1,10,1,0.0311
P__pityusensis,Illa_des_Bosc,P__pityusensis,dispersed,1,11,0,0.0524
P__pityusensis,Illa_des_Bosc,P__pityusensis,dispersed,1,12,1,0.034
P__pityusensis,Illa_des_Bosc,P__pityusensis,dispersed,1,13,1,0.0275
P__pityusensis,Illa_des_Bosc,P__pityusensis,dispersed,1,14,0,0.0158
P__pityusensis,Illa_des_Bosc,P__pityusensis,dispersed,1,15,1,0.0309
P__pityusensis,Illa_des_Bosc,P__pityusensis,dispersed,1,16,0,0.0493
P__pityusensis,Illa_des_Bosc,P__pityusensis,dispersed,1,17,1,0.0558
P__pityusensis,Illa_des_Bosc,P__pityusensis,dispersed,1,18,0,0.0483
P__pityusensis,Illa_des_Bosc,P__pityusensis,dispersed,1,19,0,0.0481
P__pityusensis,Illa_des_Bosc,P__pityusensis,dispersed,1,20,0,0.0487
P__pityusensis,Illa_des_Bosc,P__pityusensis,dispersed,1,21,0,0.0556
P__pityusensis,Illa_des_Bosc,P__pityusensis,dispersed,1,22,0,0.0241
P__pityusensis,Illa_des_Bosc,P__pityusensis,dispersed,1,23,1,0.0379
P__pityusensis,Illa_des_Bosc,P__pityusensis,dispersed,1,24,1,0.0495
P__pityusensis,Illa_des_Bosc,P__pityusensis,dispersed,1,25,1,0.0421
P__pityusensis,Illa_des_Bosc,P__pityusensis,dispersed,1,26,0,0.031
P__pityusensis,Illa_des_Bosc,P__pityusensis,dispersed,1,27,0,0.0223
P__pityusensis,Illa_des_Bosc,P__pityusensis,dispersed,1,28,1,0.0651
P__pityusensis,Illa_des_Bosc,P__pityusensis,dispersed,1,29,1,0.0337
P__pityusensis,Illa_des_Bosc,P__pityusensis,dispersed,1,30,0,0.0488
P__pityusensis,Illa_des_Bosc,P__pityusensis,dispersed,1,31,0,0.0167
P__pityusensis,Illa_des_Bosc,P__pityusensis,dispersed,1,32,1,0.0277
P__pityusensis,Illa_des_Bosc,P__pityusensis,dispersed,1,33,0,0.0253
P__pityusensis,Illa_des_Bosc,P__pityusensis,dispersed,1,34,1,0.0376
P__pityusensis,Illa_des_Bosc,P__pityusensis,dispersed,1,35,0,0.0215
P__pityusensis,Illa_des_Bosc,P__pityusensis,dispersed,1,36,1,0.0472
P__pityusensis,Illa_des_Bosc,P__pityusensis,dispersed,1,37,0,0.027
P__pityusensis,Illa_des_Bosc,P__pityusensis,dispersed,1,38,0,0.0363
P__pityusensis,Illa_des_Bosc,P__pityusensis,dispersed,1,39,1,0.055
P__pityusensis,Illa_des_Bosc,P__pityusensis,dispersed,1,40,0,0.0241
P__pityusensis,Illa_des_Bosc,P__pityusensis,dispersed,1,41,1,0.034
P__pityusensis,Illa_des_Bosc,P__pityusensis,dispersed,1,42,1,0.0263
P__pityusensis,Illa_des_Bosc,P__pityusensis,dispersed,1,43,0,0.0279
P__pityusensis,Illa_des_Bosc,P__pityusensis,dispersed,1,44,1,0.0387
P__pityusensis,Illa_des_Bosc,P__pityusensis,dispersed,1,45,0,0.0234
P__pityusensis,Illa_des_Bosc,P__pityusensis,dispersed,1,46,0,0.0372
P__pityusensis,Illa_des_Bosc,P__pityusensis,dispersed,1,47,1,0.0399
P__pityusensis,Illa_des_Bosc,P__pityusensis,dispersed,1,48,0,0.0244
P__pityusensis,Illa_des_Bosc,P__pityusensis,dispersed,1,49,1,0.04
P__pityusensis,Illa_des_Bosc,P__pityusensis,dispersed,1,50,1,0.0216
P__pityusensis,La_Mola,control,control,0,A1,1,0.0333
P__pityusensis,La_Mola,control,control,0,A2,1,0.0336
P__pityusensis,La_Mola,control,control,0,A3,1,0.0455
P__pityusensis,La_Mola,control,control,0,A4,1,0.0269
P__pityusensis,La_Mola,control,control,0,A5,1,0.0293
P__pityusensis,La_Mola,control,control,0,A6,1,0.0283
P__pityusensis,La_Mola,control,control,0,A7,0,0.0298
P__pityusensis,La_Mola,control,control,0,A8,0,0.0353
P__pityusensis,La_Mola,control,control,0,A9,0,0.0472
P__pityusensis,La_Mola,control,control,0,A10,1,0.0333
P__pityusensis,La_Mola,control,control,0,B1,1,0.0689
P__pityusensis,La_Mola,control,control,0,B2,0,0.0464
P__pityusensis,La_Mola,control,control,0,B3,0,0.0488
P__pityusensis,La_Mola,control,control,0,B4,0,0.0393
P__pityusensis,La_Mola,control,control,0,B5,0,0.0452
P__pityusensis,La_Mola,control,control,0,B6,0,0.0478
P__pityusensis,La_Mola,control,control,0,B7,1,0.0338
P__pityusensis,La_Mola,control,control,0,B8,0,0.033
P__pityusensis,La_Mola,control,control,0,B9,0,0.0291
P__pityusensis,La_Mola,control,control,0,B10,0,0.0245
P__pityusensis,La_Mola,control,control,0,C1,0,0.0288
P__pityusensis,La_Mola,control,control,0,C2,1,0.0263
P__pityusensis,La_Mola,control,control,0,C3,1,0.0416
P__pityusensis,La_Mola,control,control,0,C4,1,0.0501
P__pityusensis,La_Mola,control,control,0,C5,1,0.0516
P__pityusensis,La_Mola,control,control,0,C6,0,0.0421
P__pityusensis,La_Mola,control,control,0,C7,1,0.0398
P__pityusensis,La_Mola,control,control,0,C8,0,0.0572
P__pityusensis,La_Mola,control,control,0,C9,0,0.0391
P__pityusensis,La_Mola,control,control,0,C10,1,0.0462
P__pityusensis,La_Mola,control,control,0,D1,1,0.0531
P__pityusensis,La_Mola,control,control,0,D2,0,0.0314
P__pityusensis,La_Mola,control,control,0,D3,1,0.0448
P__pityusensis,La_Mola,control,control,0,D4,0,0.0374
P__pityusensis,La_Mola,control,control,0,D5,1,0.0389
P__pityusensis,La_Mola,control,control,0,D6,0,0.0454
P__pityusensis,La_Mola,control,control,0,D7,0,0.034
P__pityusensis,La_Mola,control,control,0,D8,0,0.0465
P__pityusensis,La_Mola,control,control,0,D9,1,0.0324
P__pityusensis,La_Mola,control,control,0,D10,1,0.0406
P__pityusensis,La_Mola,control,control,0,E1,0,0.0428
P__pityusensis,La_Mola,control,control,0,E2,1,0.0738
P__pityusensis,La_Mola,control,control,0,E3,1,0.0482
P__pityusensis,La_Mola,control,control,0,E4,0,0.0329
P__pityusensis,La_Mola,control,control,0,E5,1,0.0269
P__pityusensis,La_Mola,control,control,0,E6,1,0.0526
P__pityusensis,La_Mola,control,control,0,E7,0,0.0492
P__pityusensis,La_Mola,control,control,0,E8,1,0.0425
P__pityusensis,La_Mola,control,control,0,E9,1,0.0432
P__pityusensis,La_Mola,control,control,0,E10,0,0.0397
P__pityusensis,La_Mola,P__pityusensis,dispersed,1,1,1,0.0364
P__pityusensis,La_Mola,P__pityusensis,dispersed,1,2,1,0.0359
P__pityusensis,La_Mola,P__pityusensis,dispersed,1,3,1,0.0508
P__pityusensis,La_Mola,P__pityusensis,dispersed,1,4,0,0.0384
P__pityusensis,La_Mola,P__pityusensis,dispersed,1,5,0,0.0522
P__pityusensis,La_Mola,P__pityusensis,dispersed,1,6,1,0.0542
P__pityusensis,La_Mola,P__pityusensis,dispersed,1,7,1,0.0544
P__pityusensis,La_Mola,P__pityusensis,dispersed,1,8,0,0.0483
P__pityusensis,La_Mola,P__pityusensis,dispersed,1,9,0,0.0444
P__pityusensis,La_Mola,P__pityusensis,dispersed,1,10,1,0.0365
P__pityusensis,La_Mola,P__pityusensis,dispersed,1,11,1,0.0407
P__pityusensis,La_Mola,P__pityusensis,dispersed,1,12,1,0.0462
P__pityusensis,La_Mola,P__pityusensis,dispersed,1,13,1,0.0446
P__pityusensis,La_Mola,P__pityusensis,dispersed,1,14,0,0.0476
P__pityusensis,La_Mola,P__pityusensis,dispersed,1,15,0,0.0383
P__pityusensis,La_Mola,P__pityusensis,dispersed,1,16,0,0.0333
P__pityusensis,La_Mola,P__pityusensis,dispersed,1,17,1,0.0445
P__pityusensis,La_Mola,P__pityusensis,dispersed,1,18,1,0.0336
P__pityusensis,La_Mola,P__pityusensis,dispersed,1,19,1,0.0519
P__pityusensis,La_Mola,P__pityusensis,dispersed,1,20,0,0.0396
P__pityusensis,La_Mola,P__pityusensis,dispersed,1,21,0,0.0396
P__pityusensis,La_Mola,P__pityusensis,dispersed,1,22,0,0.0448
P__pityusensis,La_Mola,P__pityusensis,dispersed,1,23,0,0.0426
P__pityusensis,La_Mola,P__pityusensis,dispersed,1,24,0,0.0273
P__pityusensis,La_Mola,P__pityusensis,dispersed,1,25,1,0.0548
P__pityusensis,La_Mola,P__pityusensis,dispersed,1,26,1,0.0338
P__pityusensis,La_Mola,P__pityusensis,dispersed,1,27,1,0.0311
P__pityusensis,La_Mola,P__pityusensis,dispersed,1,28,0,0.053
P__pityusensis,La_Mola,P__pityusensis,dispersed,1,29,1,0.0402
P__pityusensis,La_Mola,P__pityusensis,dispersed,1,30,1,0.0302
P__pityusensis,La_Mola,P__pityusensis,dispersed,1,31,1,0.0458
P__pityusensis,La_Mola,P__pityusensis,dispersed,1,32,0,0.0443
P__pityusensis,La_Mola,P__pityusensis,dispersed,1,33,0,0.0389
P__pityusensis,La_Mola,P__pityusensis,dispersed,1,34,1,0.041
P__pityusensis,La_Mola,P__pityusensis,dispersed,1,35,1,0.0705
P__pityusensis,La_Mola,P__pityusensis,dispersed,1,36,1,0.0726
P__pityusensis,La_Mola,P__pityusensis,dispersed,1,37,1,0.0368
P__pityusensis,La_Mola,P__pityusensis,dispersed,1,38,1,0.0353
P__pityusensis,La_Mola,P__pityusensis,dispersed,1,39,1,0.0442
P__pityusensis,La_Mola,P__pityusensis,dispersed,1,40,0,0.0338
P__pityusensis,La_Mola,P__pityusensis,dispersed,1,41,1,0.0466
P__pityusensis,La_Mola,P__pityusensis,dispersed,1,42,1,0.0563
P__pityusensis,La_Mola,P__pityusensis,dispersed,1,43,1,0.0434
P__pityusensis,La_Mola,P__pityusensis,dispersed,1,44,1,0.0314
P__pityusensis,La_Mola,P__pityusensis,dispersed,1,45,1,0.0431
P__pityusensis,La_Mola,P__pityusensis,dispersed,1,46,1,0.053
P__pityusensis,La_Mola,P__pityusensis,dispersed,1,47,1,0.0482
P__pityusensis,La_Mola,P__pityusensis,dispersed,1,48,0,0.0409
P__pityusensis,La_Mola,P__pityusensis,dispersed,1,49,0,0.0432
P__pityusensis,La_Mola,P__pityusensis,dispersed,1,50,1,0.0299
P__pityusensis,Sa_Canal,control,control,0,A1,1,0.0261
P__pityusensis,Sa_Canal,control,control,0,A2,0,0.0365
P__pityusensis,Sa_Canal,control,control,0,A3,1,0.0222
P__pityusensis,Sa_Canal,control,control,0,A4,1,0.032
P__pityusensis,Sa_Canal,control,control,0,A5,0,0.0339
P__pityusensis,Sa_Canal,control,control,0,A6,1,0.0622
P__pityusensis,Sa_Canal,control,control,0,A7,0,0.053
P__pityusensis,Sa_Canal,control,control,0,A8,0,0.0618
P__pityusensis,Sa_Canal,control,control,0,A9,1,0.0621
P__pityusensis,Sa_Canal,control,control,0,A10,1,0.0732
P__pityusensis,Sa_Canal,control,control,0,B1,0,0.0621
P__pityusensis,Sa_Canal,control,control,0,B2,1,0.0589
P__pityusensis,Sa_Canal,control,control,0,B3,0,0.0494
P__pityusensis,Sa_Canal,control,control,0,B4,0,0.0637
P__pityusensis,Sa_Canal,control,control,0,B5,0,0.0682
P__pityusensis,Sa_Canal,control,control,0,B6,0,0.042
P__pityusensis,Sa_Canal,control,control,0,B7,0,0.0435
P__pityusensis,Sa_Canal,control,control,0,B8,0,0.0434
P__pityusensis,Sa_Canal,control,control,0,B9,0,0.0416
P__pityusensis,Sa_Canal,control,control,0,B10,0,0.045
P__pityusensis,Sa_Canal,control,control,0,C1,0,0.042
P__pityusensis,Sa_Canal,control,control,0,C2,0,0.032
P__pityusensis,Sa_Canal,control,control,0,C3,0,0.0328
P__pityusensis,Sa_Canal,control,control,0,C4,0,0.0344
P__pityusensis,Sa_Canal,control,control,0,C5,1,0.0381
P__pityusensis,Sa_Canal,control,control,0,C6,0,0.0497
P__pityusensis,Sa_Canal,control,control,0,C7,0,0.0355
P__pityusensis,Sa_Canal,control,control,0,C8,0,0.0318
P__pityusensis,Sa_Canal,control,control,0,C9,1,0.0397
P__pityusensis,Sa_Canal,control,control,0,C10,1,0.0282
P__pityusensis,Sa_Canal,control,control,0,D1,1,0.0703
P__pityusensis,Sa_Canal,control,control,0,D2,0,0.065
P__pityusensis,Sa_Canal,control,control,0,D3,1,0.0674
P__pityusensis,Sa_Canal,control,control,0,D4,0,0.0723
P__pityusensis,Sa_Canal,control,control,0,D5,0,0.0683
P__pityusensis,Sa_Canal,control,control,0,D6,0,0.0555
P__pityusensis,Sa_Canal,control,control,0,D7,0,0.0488
P__pityusensis,Sa_Canal,control,control,0,D8,0,0.0451
P__pityusensis,Sa_Canal,control,control,0,D9,0,0.0466
P__pityusensis,Sa_Canal,control,control,0,D10,0,0.0567
P__pityusensis,Sa_Canal,control,control,0,E1,1,0.0519
P__pityusensis,Sa_Canal,control,control,0,E2,1,0.0617
P__pityusensis,Sa_Canal,control,control,0,E3,0,0.0399
P__pityusensis,Sa_Canal,control,control,0,E4,0,0.0559
P__pityusensis,Sa_Canal,control,control,0,E5,0,0.0504
P__pityusensis,Sa_Canal,control,control,0,E6,0,0.0347
P__pityusensis,Sa_Canal,control,control,0,E7,0,0.0405
P__pityusensis,Sa_Canal,control,control,0,E8,0,0.0397
P__pityusensis,Sa_Canal,control,control,0,E9,0,0.0409
P__pityusensis,Sa_Canal,control,control,0,E10,0,0.0345
P__pityusensis,Sa_Canal,P__pityusensis,dispersed,1,1,1,0.0543
P__pityusensis,Sa_Canal,P__pityusensis,dispersed,1,2,1,0.0388
P__pityusensis,Sa_Canal,P__pityusensis,dispersed,1,3,0,0.0364
P__pityusensis,Sa_Canal,P__pityusensis,dispersed,1,4,0,0.0588
P__pityusensis,Sa_Canal,P__pityusensis,dispersed,1,5,0,0.0341
P__pityusensis,Sa_Canal,P__pityusensis,dispersed,1,6,1,0.0492
P__pityusensis,Sa_Canal,P__pityusensis,dispersed,1,7,0,0.0403
P__pityusensis,Sa_Canal,P__pityusensis,dispersed,1,8,0,0.0337
P__pityusensis,Sa_Canal,P__pityusensis,dispersed,1,9,1,0.0394
P__pityusensis,Sa_Canal,P__pityusensis,dispersed,1,10,0,0.0303
P__pityusensis,Sa_Canal,P__pityusensis,dispersed,1,11,0,0.0246
P__pityusensis,Sa_Canal,P__pityusensis,dispersed,1,12,0,0.0234
P__pityusensis,Sa_Canal,P__pityusensis,dispersed,1,13,0,0.0387
P__pityusensis,Sa_Canal,P__pityusensis,dispersed,1,14,1,0.0277
P__pityusensis,Sa_Canal,P__pityusensis,dispersed,1,15,1,0.0334
P__pityusensis,Tagomago,control,control,0,A1,0,0.0536
P__pityusensis,Tagomago,control,control,0,A2,1,0.0679
P__pityusensis,Tagomago,control,control,0,A3,0,0.047
P__pityusensis,Tagomago,control,control,0,A4,1,0.065
P__pityusensis,Tagomago,control,control,0,A5,1,0.0635
P__pityusensis,Tagomago,control,control,0,A6,1,0.0529
P__pityusensis,Tagomago,control,control,0,A7,1,0.0655
P__pityusensis,Tagomago,control,control,0,A8,1,0.0614
P__pityusensis,Tagomago,control,control,0,A9,0,0.0482
P__pityusensis,Tagomago,control,control,0,A10,0,0.0401
P__pityusensis,Tagomago,control,control,0,B1,1,0.0501
P__pityusensis,Tagomago,control,control,0,B2,1,0.0394
P__pityusensis,Tagomago,control,control,0,B3,0,0.0462
P__pityusensis,Tagomago,control,control,0,B4,0,0.0441
P__pityusensis,Tagomago,control,control,0,B5,0,0.0431
P__pityusensis,Tagomago,control,control,0,B6,0,0.0472
P__pityusensis,Tagomago,control,control,0,B7,1,0.0565
P__pityusensis,Tagomago,control,control,0,B8,1,0.0588
P__pityusensis,Tagomago,control,control,0,B9,0,0.0542
P__pityusensis,Tagomago,control,control,0,B10,1,0.0738
P__pityusensis,Tagomago,control,control,0,C1,1,0.0621
P__pityusensis,Tagomago,control,control,0,C2,1,0.0701
P__pityusensis,Tagomago,control,control,0,C3,1,0.0643
P__pityusensis,Tagomago,control,control,0,C4,0,0.0697
P__pityusensis,Tagomago,control,control,0,C5,0,0.0474
P__pityusensis,Tagomago,control,control,0,C6,1,0.043
P__pityusensis,Tagomago,control,control,0,C7,1,0.0508
P__pityusensis,Tagomago,control,control,0,C8,1,0.0319
P__pityusensis,Tagomago,control,control,0,C9,1,0.0343
P__pityusensis,Tagomago,control,control,0,C10,0,0.0288
P__pityusensis,Tagomago,control,control,0,D1,0,0.0426
P__pityusensis,Tagomago,control,control,0,D2,1,0.0333
P__pityusensis,Tagomago,control,control,0,D3,0,0.0413
P__pityusensis,Tagomago,control,control,0,D4,0,0.0334
P__pityusensis,Tagomago,control,control,0,D5,1,0.034
P__pityusensis,Tagomago,control,control,0,D6,1,0.0306
P__pityusensis,Tagomago,control,control,0,D7,1,0.0325
P__pityusensis,Tagomago,control,control,0,D8,1,0.0325
P__pityusensis,Tagomago,control,control,0,D9,1,0.0293
P__pityusensis,Tagomago,control,control,0,D10,0,0.0307
P__pityusensis,Tagomago,control,control,0,E1,0,0.0535
P__pityusensis,Tagomago,control,control,0,E2,1,0.0385
P__pityusensis,Tagomago,control,control,0,E3,0,0.0487
P__pityusensis,Tagomago,control,control,0,E4,0,0.0415
P__pityusensis,Tagomago,control,control,0,E5,0,0.0219
P__pityusensis,Tagomago,control,control,0,E6,1,0.0575
P__pityusensis,Tagomago,control,control,0,E7,1,0.055
P__pityusensis,Tagomago,control,control,0,E8,1,0.0576
P__pityusensis,Tagomago,control,control,0,E9,1,0.0511
P__pityusensis,Tagomago,control,control,0,E10,1,0.0676
P__pityusensis,Tagomago,P__pityusensis,dispersed,1,1,1,0.0393
P__pityusensis,Tagomago,P__pityusensis,dispersed,1,2,1,0.0332
P__pityusensis,Tagomago,P__pityusensis,dispersed,1,3,0,0.0515
P__pityusensis,Tagomago,P__pityusensis,dispersed,1,4,1,0.0494
P__pityusensis,Tagomago,P__pityusensis,dispersed,1,5,0,0.0596
P__pityusensis,Tagomago,P__pityusensis,dispersed,1,6,1,0.0641
P__pityusensis,Tagomago,P__pityusensis,dispersed,1,7,1,0.0565
P__pityusensis,Tagomago,P__pityusensis,dispersed,1,8,1,0.075
P__pityusensis,Tagomago,P__pityusensis,dispersed,1,9,1,0.0643
P__pityusensis,Tagomago,P__pityusensis,dispersed,1,10,1,0.0687
P__pityusensis,Tagomago,P__pityusensis,dispersed,1,11,1,0.0458
P__pityusensis,Tagomago,P__pityusensis,dispersed,1,12,0,0.0317
P__pityusensis,Tagomago,P__pityusensis,dispersed,1,13,1,0.0452
P__pityusensis,Tagomago,P__pityusensis,dispersed,1,14,0,0.0372
P__pityusensis,Tagomago,P__pityusensis,dispersed,1,15,0,0.0432
P__pityusensis,Tagomago,P__pityusensis,dispersed,1,16,1,0.054
P__pityusensis,Tagomago,P__pityusensis,dispersed,1,17,1,0.0423
P__pityusensis,Tagomago,P__pityusensis,dispersed,1,18,0,0.0352
P__pityusensis,Tagomago,P__pityusensis,dispersed,1,19,0,0.0525
P__pityusensis,Tagomago,P__pityusensis,dispersed,1,20,1,0.0418
P__pityusensis,Tagomago,P__pityusensis,dispersed,1,21,1,0.0537
P__pityusensis,Tagomago,P__pityusensis,dispersed,1,22,0,0.0313
P__pityusensis,Tagomago,P__pityusensis,dispersed,1,23,0,0.059
P__pityusensis,Tagomago,P__pityusensis,dispersed,1,24,0,0.0651
P__pityusensis,Tagomago,P__pityusensis,dispersed,1,25,1,0.0589
P__pityusensis,Tagomago,P__pityusensis,dispersed,1,26,0,0.0469
P__pityusensis,Tagomago,P__pityusensis,dispersed,1,27,1,0.0373
P__pityusensis,Tagomago,P__pityusensis,dispersed,1,28,0,0.0552
P__pityusensis,Tagomago,P__pityusensis,dispersed,1,29,0,0.0557
P__pityusensis,Tagomago,P__pityusensis,dispersed,1,30,0,0.0584
P__pityusensis,Tagomago,P__pityusensis,dispersed,1,31,1,0.036
P__pityusensis,Tagomago,P__pityusensis,dispersed,1,32,0,0.0263
P__pityusensis,Tagomago,P__pityusensis,dispersed,1,33,1,0.042
P__pityusensis,Tagomago,P__pityusensis,dispersed,1,34,0,0.0517
P__pityusensis,Tagomago,P__pityusensis,dispersed,1,35,1,0.0436
P__pityusensis,Tagomago,P__pityusensis,dispersed,1,36,1,0.032
P__pityusensis,Tagomago,P__pityusensis,dispersed,1,37,1,0.0365
P__pityusensis,Tagomago,P__pityusensis,dispersed,1,38,0,0.0563
P__pityusensis,Tagomago,P__pityusensis,dispersed,1,39,0,0.0365
P__pityusensis,Tagomago,P__pityusensis,dispersed,1,40,1,0.0407
P__pityusensis,Tagomago,P__pityusensis,dispersed,1,41,1,0.0637
P__pityusensis,Tagomago,P__pityusensis,dispersed,1,42,1,0.0523
P__pityusensis,Tagomago,P__pityusensis,dispersed,1,43,1,0.0348
P__pityusensis,Tagomago,P__pityusensis,dispersed,1,44,0,0.0332
P__pityusensis,Tagomago,P__pityusensis,dispersed,1,45,0,0.0331
P__pityusensis,Tagomago,P__pityusensis,dispersed,1,46,0,0.0356
P__pityusensis,Tagomago,P__pityusensis,dispersed,1,47,0,0.0398
P__pityusensis,Tagomago,P__pityusensis,dispersed,1,48,1,0.0411
P__pityusensis,Tagomago,P__pityusensis,dispersed,1,49,1,0.0474
P__pityusensis,Tagomago,P__pityusensis,dispersed,1,50,0,0.0235
M__martes,Na_Burguesa,control,control,0,1,0,0.05
M__martes,Na_Burguesa,control,control,0,2,0,0.0662
M__martes,Na_Burguesa,control,control,0,3,0,0.0402
M__martes,Na_Burguesa,control,control,0,4,0,0.0669
M__martes,Na_Burguesa,control,control,0,5,0,0.0405
M__martes,Na_Burguesa,control,control,0,6,0,0.0486
M__martes,Na_Burguesa,control,control,0,7,0,0.035
M__martes,Na_Burguesa,control,control,0,8,0,0.04
M__martes,Na_Burguesa,control,control,0,9,0,0.0444
M__martes,Na_Burguesa,control,control,0,10,0,0.0372
M__martes,Na_Burguesa,control,control,0,11,0,0.0527
M__martes,Na_Burguesa,control,control,0,12,0,0.057
M__martes,Na_Burguesa,control,control,0,13,0,0.0525
M__martes,Na_Burguesa,control,control,0,14,0,0.0472
M__martes,Na_Burguesa,control,control,0,15,0,0.072
M__martes,Na_Burguesa,control,control,0,16,0,0.0622
M__martes,Na_Burguesa,control,control,0,17,0,0.0505
M__martes,Na_Burguesa,control,control,0,18,0,0.0628
M__martes,Na_Burguesa,control,control,0,19,0,0.055
M__martes,Na_Burguesa,control,control,0,20,0,0.0716
M__martes,Na_Burguesa,control,control,0,21,0,0.0385
M__martes,Na_Burguesa,control,control,0,22,0,0.0469
M__martes,Na_Burguesa,control,control,0,23,0,0.0562
M__martes,Na_Burguesa,control,control,0,24,0,0.0417
M__martes,Na_Burguesa,control,control,0,25,0,0.0643
M__martes,Na_Burguesa,control,control,0,26,0,0.0638
M__martes,Na_Burguesa,control,control,0,27,0,0.0401
M__martes,Na_Burguesa,control,control,0,28,0,0.0519
M__martes,Na_Burguesa,control,control,0,29,0,0.0768
M__martes,Na_Burguesa,control,control,0,30,0,0.0663
M__martes,Na_Burguesa,control,control,0,31,0,0.0676
M__martes,Na_Burguesa,control,control,0,32,0,0.0423
M__martes,Na_Burguesa,control,control,0,33,0,0.0483
M__martes,Na_Burguesa,control,control,0,34,0,0.0499
M__martes,Na_Burguesa,control,control,0,35,0,0.0682
M__martes,Na_Burguesa,control,control,0,36,0,0.048
M__martes,Na_Burguesa,control,control,0,37,0,0.0393
M__martes,Na_Burguesa,control,control,0,38,0,0.0536
M__martes,Na_Burguesa,control,control,0,39,0,0.0655
M__martes,Na_Burguesa,control,control,0,40,0,0.0492
M__martes,Na_Burguesa,control,control,0,41,0,0.0793
M__martes,Na_Burguesa,control,control,0,42,0,0.0518
M__martes,Na_Burguesa,control,control,0,43,0,0.0422
M__martes,Na_Burguesa,control,control,0,44,0,0.0572
M__martes,Na_Burguesa,control,control,0,45,0,0.0476
M__martes,Na_Burguesa,control,control,0,46,0,0.0576
M__martes,Na_Burguesa,control,control,0,47,0,0.0599
M__martes,Na_Burguesa,control,control,0,48,0,0.0502
M__martes,Na_Burguesa,control,control,0,49,0,0.044
M__martes,Na_Burguesa,control,control,0,50,0,0.0371
M__martes,Na_Burguesa,control,control,0,51,0,0.0459
M__martes,Na_Burguesa,control,control,0,52,0,0.0508
M__martes,Na_Burguesa,control,control,0,53,0,0.0584
M__martes,Na_Burguesa,control,control,0,54,0,0.0573
M__martes,Na_Burguesa,control,control,0,55,0,0.0594
M__martes,Na_Burguesa,control,control,0,56,0,0.0625
M__martes,Na_Burguesa,control,control,0,57,0,0.0758
M__martes,Na_Burguesa,control,control,0,58,0,0.0957
M__martes,Na_Burguesa,control,control,0,59,0,0.0638
M__martes,Na_Burguesa,control,control,0,60,0,0.0676
M__martes,Na_Burguesa,control,control,0,61,0,0.0786
M__martes,Na_Burguesa,control,control,0,62,0,0.0576
M__martes,Na_Burguesa,control,control,0,63,0,0.0646
M__martes,Na_Burguesa,control,control,0,64,0,0.0259
M__martes,Na_Burguesa,control,control,0,65,0,0.056
M__martes,Na_Burguesa,control,control,0,66,0,0.0289
M__martes,Na_Burguesa,control,control,0,67,0,0.0507
M__martes,Na_Burguesa,control,control,0,68,0,0.0315
M__martes,Na_Burguesa,control,control,0,69,0,0.0694
M__martes,Na_Burguesa,control,control,0,70,0,0.0721
M__martes,Na_Burguesa,control,control,0,71,0,0.0603
M__martes,Na_Burguesa,control,control,0,72,1,0.0647
M__martes,Na_Burguesa,control,control,0,73,0,0.0612
M__martes,Na_Burguesa,control,control,0,74,0,0.0509
M__martes,Na_Burguesa,control,control,0,75,0,0.0364
M__martes,Na_Burguesa,control,control,0,76,1,0.057
M__martes,Na_Burguesa,control,control,0,77,0,0.0437
M__martes,Na_Burguesa,control,control,0,78,0,0.0642
M__martes,Na_Burguesa,control,control,0,79,0,0.0802
M__martes,Na_Burguesa,control,control,0,80,0,0.05
M__martes,Na_Burguesa,M__martes,dispersed,1,1,0,0.078
M__martes,Na_Burguesa,M__martes,dispersed,1,2,0,0.068
M__martes,Na_Burguesa,M__martes,dispersed,1,3,0,0.094
M__martes,Na_Burguesa,M__martes,dispersed,1,4,0,0.0722
M__martes,Na_Burguesa,M__martes,dispersed,1,5,0,0.0799
M__martes,Na_Burguesa,M__martes,dispersed,1,6,0,0.0486
M__martes,Na_Burguesa,M__martes,dispersed,1,7,0,0.0918
M__martes,Na_Burguesa,M__martes,dispersed,1,8,0,0.0779
M__martes,Na_Burguesa,M__martes,dispersed,1,9,0,0.0575
M__martes,Na_Burguesa,M__martes,dispersed,1,10,0,0.0804
M__martes,Na_Burguesa,M__martes,dispersed,1,11,0,0.0811
M__martes,Na_Burguesa,M__martes,dispersed,1,12,0,0.0667
M__martes,Na_Burguesa,M__martes,dispersed,1,13,0,0.0687
M__martes,Na_Burguesa,M__martes,dispersed,1,14,1,0.0911
M__martes,Na_Burguesa,M__martes,dispersed,1,15,0,0.0966
M__martes,Na_Burguesa,M__martes,dispersed,1,16,0,0.0876
M__martes,Na_Burguesa,M__martes,dispersed,1,17,1,0.0641
M__martes,Na_Burguesa,M__martes,dispersed,1,18,0,0.0807
M__martes,Na_Burguesa,M__martes,dispersed,1,19,0,0.0756
M__martes,Na_Burguesa,M__martes,dispersed,1,20,0,0.0766
M__martes,Na_Burguesa,M__martes,dispersed,1,21,1,0.0801
M__martes,Na_Burguesa,M__martes,dispersed,1,22,0,0.0861
M__martes,Na_Burguesa,M__martes,dispersed,1,23,0,0.0625
M__martes,Na_Burguesa,M__martes,dispersed,1,24,0,0.0726
M__martes,Na_Burguesa,M__martes,dispersed,1,25,0,0.0608
M__martes,Na_Burguesa,M__martes,dispersed,1,26,0,0.0755
M__martes,Na_Burguesa,M__martes,dispersed,1,27,0,0.0687
M__martes,Na_Burguesa,M__martes,dispersed,1,28,0,0.102
M__martes,Na_Burguesa,M__martes,dispersed,1,29,0,0.0658
M__martes,Na_Burguesa,M__martes,dispersed,1,30,1,0.0677
M__martes,Na_Burguesa,M__martes,dispersed,1,31,1,0.1139
M__martes,Na_Burguesa,M__martes,dispersed,1,32,0,0.0797
M__martes,Na_Burguesa,M__martes,dispersed,1,33,0,0.0642
M__martes,Na_Burguesa,M__martes,dispersed,1,34,0,0.0708
M__martes,Na_Burguesa,M__martes,dispersed,1,35,0,0.0762
M__martes,Na_Burguesa,M__martes,dispersed,1,36,0,0.034
M__martes,Na_Burguesa,M__martes,dispersed,1,37,0,0.1018
M__martes,Na_Burguesa,M__martes,dispersed,1,38,0,0.0415
M__martes,Na_Burguesa,M__martes,dispersed,1,39,0,0.0602
M__martes,Na_Burguesa,M__martes,dispersed,1,40,0,0.0608
M__martes,Na_Burguesa,M__martes,dispersed,1,41,0,0.0944
M__martes,Na_Burguesa,M__martes,dispersed,1,42,0,0.0978
M__martes,Na_Burguesa,M__martes,dispersed,1,43,0,0.0756
M__martes,Na_Burguesa,M__martes,dispersed,1,44,0,0.0697
M__martes,Na_Burguesa,M__martes,dispersed,1,45,0,0.0863
M__martes,Na_Burguesa,M__martes,dispersed,1,46,0,0.0742
M__martes,Na_Burguesa,M__martes,dispersed,1,47,1,0.0645
M__martes,Na_Burguesa,M__martes,dispersed,1,48,1,0.0647
M__martes,Na_Burguesa,M__martes,dispersed,1,49,0,0.06
M__martes,Na_Burguesa,M__martes,dispersed,1,50,1,0.0595
M__martes,Na_Burguesa,M__martes,dispersed,1,51,0,0.0689
M__martes,Na_Burguesa,M__martes,dispersed,1,52,0,0.0562
M__martes,Na_Burguesa,M__martes,dispersed,1,53,1,0.081
M__martes,Na_Burguesa,M__martes,dispersed,1,54,0,0.0626
M__martes,Na_Burguesa,M__martes,dispersed,1,55,0,0.0603
M__martes,Na_Burguesa,M__martes,dispersed,1,56,0,0.0755
M__martes,Na_Burguesa,M__martes,dispersed,1,57,0,0.0554
M__martes,Na_Burguesa,M__martes,dispersed,1,58,0,0.0818
M__martes,Na_Burguesa,M__martes,dispersed,1,59,0,0.0807
M__martes,Na_Burguesa,M__martes,dispersed,1,60,0,0.0642
M__martes,Na_Burguesa,M__martes,dispersed,1,61,0,0.0541
M__martes,Na_Burguesa,M__martes,dispersed,1,62,0,0.0918
M__martes,Na_Burguesa,M__martes,dispersed,1,63,0,0.0331
M__martes,Na_Burguesa,M__martes,dispersed,1,64,0,0.0588
M__martes,Na_Burguesa,M__martes,dispersed,1,65,0,0.0572
M__martes,Na_Burguesa,M__martes,dispersed,1,66,0,0.0655
M__martes,Na_Burguesa,M__martes,dispersed,1,67,0,0.0725
M__martes,Na_Burguesa,M__martes,dispersed,1,68,0,0.0724
M__martes,Na_Burguesa,M__martes,dispersed,1,69,0,0.0484
M__martes,Na_Burguesa,M__martes,dispersed,1,70,0,0.0637
M__martes,Na_Burguesa,M__martes,dispersed,1,71,0,0.0795
M__martes,Na_Burguesa,M__martes,dispersed,1,72,1,0.0688
M__martes,Na_Burguesa,M__martes,dispersed,1,73,0,0.0585
M__martes,Na_Burguesa,M__martes,dispersed,1,74,0,0.0827
M__martes,Na_Burguesa,M__martes,dispersed,1,75,0,0.0804
M__martes,Na_Burguesa,M__martes,dispersed,1,76,0,0.0578
M__martes,Na_Burguesa,M__martes,dispersed,1,77,0,0.0603
